Tile	Base	Mean	sample
1	1	-0.8628303291771573	cc5
1	2	-0.9539314093902149	cc5
1	3	-0.8435188166826819	cc5
1	4	-0.8563490446260644	cc5
1	5	-0.8616590139948954	cc5
1	6	-0.821916302342494	cc5
1	7	-0.8348868502820253	cc5
1	8	-0.8569377203830868	cc5
1	9	-0.8581038675621429	cc5
1	10	-0.6054209492961533	cc5
1	11	-0.8033820596429493	cc5
1	12	-0.813940167147571	cc5
1	13	-0.8103330943335649	cc5
1	14	-0.8275090947313473	cc5
1	15	-0.8666119804380088	cc5
1	16	-0.8768211397738526	cc5
1	17	-0.950019976204743	cc5
1	18	-0.9148635483830674	cc5
1	19	-0.9315824123456338	cc5
1	20	-1.0465087652270242	cc5
1	21	-1.0276117279509123	cc5
1	22	-0.9863097084413681	cc5
1	23	-1.0691330126348646	cc5
1	24	-1.0801125809406358	cc5
1	25	-1.4941445534107345	cc5
1	26	-1.2949441567864426	cc5
1	27	-0.7975092107480961	cc5
1	28	-1.183752227319367	cc5
2	1	-1.0211079194341934	cc5
2	2	-1.0875979869755312	cc5
2	3	-1.0615515332032714	cc5
2	4	-1.0612585905757328	cc5
2	5	-1.0814807551747094	cc5
2	6	-1.063091213632191	cc5
2	7	-1.0494143189328895	cc5
2	8	-1.0563057921007442	cc5
2	9	-1.067331070067155	cc5
2	10	-0.8256877451636555	cc5
2	11	-0.9859699128007549	cc5
2	12	-1.0324919868841107	cc5
2	13	-1.0133124284060813	cc5
2	14	-0.9350681005855108	cc5
2	15	-1.012226101633594	cc5
2	16	-0.947691040479981	cc5
2	17	-0.9520627051959991	cc5
2	18	-0.9636828115029488	cc5
2	19	-0.9354146334361175	cc5
2	20	-1.025625778324887	cc5
2	21	-0.9687580515676046	cc5
2	22	-0.9510952510489474	cc5
2	23	-0.8117412888587268	cc5
2	24	-0.370292907322316	cc5
2	25	-0.9350331076276035	cc5
2	26	-0.19496106962893123	cc5
2	27	-0.7155949418109202	cc5
2	28	-0.584405022097009	cc5
3	1	-0.8771609552132205	cc5
3	2	-0.9681398212900092	cc5
3	3	-0.8972699622381128	cc5
3	4	-0.916623468327046	cc5
3	5	-0.9176047239637697	cc5
3	6	-0.8678495975332225	cc5
3	7	-0.8607772599386578	cc5
3	8	-0.8401315370126028	cc5
3	9	-0.9406037254489235	cc5
3	10	-0.5946357748836206	cc5
3	11	-0.780947429622671	cc5
3	12	-0.7969191486830738	cc5
3	13	-0.7790126727057896	cc5
3	14	-0.8278953452077289	cc5
3	15	-0.7974042323799466	cc5
3	16	-0.8105529333565187	cc5
3	17	-0.7813837140715236	cc5
3	18	-0.8223215652493536	cc5
3	19	-0.8367388176287491	cc5
3	20	-0.891029329120947	cc5
3	21	-0.9744304221628113	cc5
3	22	-1.0402105517386104	cc5
3	23	-0.6836588506901151	cc5
3	24	-0.244390081295073	cc5
3	25	-0.49252769637219274	cc5
3	26	0.17134087283480426	cc5
3	27	-0.5565358983462119	cc5
3	28	-0.5292671774854796	cc5
4	1	-0.9157579089385095	cc5
4	2	-0.9203133338684566	cc5
4	3	-1.0189968917797856	cc5
4	4	-0.9412399160767677	cc5
4	5	-0.9314070355595234	cc5
4	6	-0.887530670977668	cc5
4	7	-0.8806840525345478	cc5
4	8	-0.9212756303868872	cc5
4	9	-0.9099745946181415	cc5
4	10	-0.6306491385215551	cc5
4	11	-0.8347445171213934	cc5
4	12	-0.9023828380175232	cc5
4	13	-0.8618297401586545	cc5
4	14	-0.8923470511649612	cc5
4	15	-0.8408353166575395	cc5
4	16	-0.9089228551878747	cc5
4	17	-0.8547660327200788	cc5
4	18	-0.9205014922297892	cc5
4	19	-0.8811947869244037	cc5
4	20	-0.9699976445629233	cc5
4	21	-0.9821785452827356	cc5
4	22	-0.9214041554912953	cc5
4	23	-1.0108921583640154	cc5
4	24	-1.0402231793697112	cc5
4	25	-1.161475415319913	cc5
4	26	-1.3289025249989592	cc5
4	27	-0.6854450159500871	cc5
4	28	-1.2189993203426255	cc5
5	1	-1.1910707157509322	cc5
5	2	-1.2284104552123196	cc5
5	3	-0.9799234150690666	cc5
5	4	-1.0954552550511352	cc5
5	5	-1.0613786531222118	cc5
5	6	-0.9915153567979118	cc5
5	7	-0.8988143351440883	cc5
5	8	-1.0695308084860358	cc5
5	9	-1.0267219355738533	cc5
5	10	-0.6516960319269103	cc5
5	11	-0.7974232024372157	cc5
5	12	-0.7956420892706717	cc5
5	13	-0.8713519476341176	cc5
5	14	-0.8099813330240409	cc5
5	15	-0.7782662339979254	cc5
5	16	-0.868320982360693	cc5
5	17	-0.8290057801614878	cc5
5	18	-0.8416415902742287	cc5
5	19	-0.7464809211987955	cc5
5	20	-0.8058356204388701	cc5
5	21	-0.7041187214524882	cc5
5	22	-0.718552888453381	cc5
5	23	-0.7488351547573942	cc5
5	24	-0.4522026163998021	cc5
5	25	-1.5176827215272155	cc5
5	26	-1.0443543404507736	cc5
5	27	-1.4769963902352714	cc5
5	28	-2.301156578407145	cc5
6	1	-0.8400536611788141	cc5
6	2	-0.8926556537786752	cc5
6	3	-0.8591915365232268	cc5
6	4	-0.9083948135854882	cc5
6	5	-0.8354431696081974	cc5
6	6	-0.8060020160023953	cc5
6	7	-0.7733822197441853	cc5
6	8	-0.8328278639379789	cc5
6	9	-0.8741131140665033	cc5
6	10	-0.48403326334044294	cc5
6	11	-0.7315783907090889	cc5
6	12	-0.7476575592196397	cc5
6	13	-0.7841529916568746	cc5
6	14	-0.7383327817024394	cc5
6	15	-0.7692089682877281	cc5
6	16	-0.7742470314178647	cc5
6	17	-0.7197625483048427	cc5
6	18	-0.7489258424988492	cc5
6	19	-0.7292537156095591	cc5
6	20	-0.7987648676094352	cc5
6	21	-0.7664398197332929	cc5
6	22	-0.674089805817566	cc5
6	23	-0.61297434949946	cc5
6	24	-0.3760436836771248	cc5
6	25	-0.0845949157456829	cc5
6	26	0.2293008681558959	cc5
6	27	0.045936076359168965	cc5
6	28	0.45902322064097945	cc5
7	1	-0.8061592998545208	cc5
7	2	-0.7891828502780172	cc5
7	3	-0.7943032600492614	cc5
7	4	-0.8171304555287193	cc5
7	5	-0.7937792201917588	cc5
7	6	-0.7748119047302495	cc5
7	7	-0.7847506832229385	cc5
7	8	-0.7630103889884694	cc5
7	9	-0.7576101686524979	cc5
7	10	-0.49714230141340465	cc5
7	11	-0.6359409434120238	cc5
7	12	-0.7046739852210493	cc5
7	13	-0.6805817277949515	cc5
7	14	-0.6492773029971133	cc5
7	15	-0.6422367880710027	cc5
7	16	-0.6535563238851196	cc5
7	17	-0.6481602555338597	cc5
7	18	-0.6563082315728366	cc5
7	19	-0.6704469567595126	cc5
7	20	-0.6846479410411135	cc5
7	21	-0.6696900836533715	cc5
7	22	-0.5482337225607452	cc5
7	23	-0.6982186557664463	cc5
7	24	-0.9557022331084539	cc5
7	25	-1.8611474487128774	cc5
7	26	-2.0358103125519023	cc5
7	27	-1.463434194854898	cc5
7	28	-2.3452012434195453	cc5
8	1	-0.7787720999621897	cc5
8	2	-0.8475373234391981	cc5
8	3	-0.7758013855335832	cc5
8	4	-0.7777123571511098	cc5
8	5	-0.7827706465924251	cc5
8	6	-0.7205615615504826	cc5
8	7	-0.7344701928902282	cc5
8	8	-0.7793006063671086	cc5
8	9	-0.85480007897511	cc5
8	10	-0.5166654394490919	cc5
8	11	-0.7138416464895059	cc5
8	12	-0.7426421142950872	cc5
8	13	-0.76688431840563	cc5
8	14	-0.7435778023152864	cc5
8	15	-0.7108521168686863	cc5
8	16	-0.7598787431064196	cc5
8	17	-0.7736099232947637	cc5
8	18	-0.7746786894787121	cc5
8	19	-0.7369077561633617	cc5
8	20	-0.788762150456428	cc5
8	21	-0.775027290180013	cc5
8	22	-0.8025475620482041	cc5
8	23	-0.7949939026391846	cc5
8	24	-0.47662326028330426	cc5
8	25	-0.8769973933418882	cc5
8	26	-0.13614674635360302	cc5
8	27	0.11882703033041508	cc5
8	28	-1.4921243203426258	cc5
9	1	-0.6212484102192164	cc5
9	2	-0.7257506548534352	cc5
9	3	-0.6547672353768448	cc5
9	4	-0.7089353517557484	cc5
9	5	-0.6576882894409763	cc5
9	6	-0.6423517860776471	cc5
9	7	-0.6766333027243192	cc5
9	8	-0.6738835401683687	cc5
9	9	-0.7348118489366158	cc5
9	10	-0.44957652738570886	cc5
9	11	-0.6474259381227512	cc5
9	12	-0.6818379999452446	cc5
9	13	-0.6940199818944777	cc5
9	14	-0.7493443442142791	cc5
9	15	-0.6212754255415547	cc5
9	16	-0.6547366999022302	cc5
9	17	-0.6754912295939448	cc5
9	18	-0.6572186131159938	cc5
9	19	-0.7473476101789274	cc5
9	20	-0.7439496609810945	cc5
9	21	-0.7432135358033918	cc5
9	22	-0.655879742362913	cc5
9	23	-0.4150340894001445	cc5
9	24	-0.20830426887243902	cc5
9	25	-1.3221098008546974	cc5
9	26	-2.648535317007436	cc5
9	27	-0.8543505994478906	cc5
9	28	-3.163352390518064	cc5
10	1	-0.41824405190856595	cc5
10	2	-0.4460656783510544	cc5
10	3	-0.43133695345112244	cc5
10	4	-0.4649032224613663	cc5
10	5	-0.44821664741389355	cc5
10	6	-0.44908771712404416	cc5
10	7	-0.4147355283402945	cc5
10	8	-0.42182772993403006	cc5
10	9	-0.478510472029555	cc5
10	10	-0.17618912696855205	cc5
10	11	-0.40578196816666434	cc5
10	12	-0.38630432284386274	cc5
10	13	-0.36423310367354134	cc5
10	14	-0.37964509204975627	cc5
10	15	-0.3874040351371164	cc5
10	16	-0.39903210070409756	cc5
10	17	-0.39652495667144905	cc5
10	18	-0.4149871470828046	cc5
10	19	-0.4806868673672895	cc5
10	20	-0.45732138563356983	cc5
10	21	-0.48327313445324194	cc5
10	22	-0.45494322271875376	cc5
10	23	-0.37543596622216313	cc5
10	24	-0.06910522915755735	cc5
10	25	0.9935552954142182	cc5
10	26	1.0883131096079808	cc5
10	27	1.0942769691736771	cc5
10	28	1.4885899653716592	cc5
11	1	-0.5278447479370669	cc5
11	2	-0.5775858793091473	cc5
11	3	-0.5351418984345742	cc5
11	4	-0.5753000563978219	cc5
11	5	-0.5340663434901813	cc5
11	6	-0.6354547594455369	cc5
11	7	-0.6102781636139767	cc5
11	8	-0.613577500301048	cc5
11	9	-0.6426092637806065	cc5
11	10	-0.8715592861805064	cc5
11	11	-0.6001288867584904	cc5
11	12	-0.6163678146409666	cc5
11	13	-0.5811015128828103	cc5
11	14	-0.6182550750488787	cc5
11	15	-0.6247964507942143	cc5
11	16	-0.4810426661356004	cc5
11	17	-0.5100724130201613	cc5
11	18	-0.45636837160309085	cc5
11	19	-0.5694107937480695	cc5
11	20	-0.6229653770717007	cc5
11	21	-0.6254533155775093	cc5
11	22	-0.6564462134862765	cc5
11	23	-0.7860746304231441	cc5
11	24	-0.964678479809379	cc5
11	25	-0.29422135463955357	cc5
11	26	-0.13721643331286515	cc5
11	27	-0.0667399799788626	cc5
11	28	-0.41757886579716796	cc5
12	1	-0.5835161823672337	cc5
12	2	-0.6225895872693172	cc5
12	3	-0.6003223064232301	cc5
12	4	-0.6620578162689412	cc5
12	5	-0.5655864468265364	cc5
12	6	-0.8437188296063383	cc5
12	7	-0.866767662149833	cc5
12	8	-0.8761741830895957	cc5
12	9	-0.8223162968399365	cc5
12	10	-1.7620461015439943	cc5
12	11	-0.9407999083740108	cc5
12	12	-0.9183008653191251	cc5
12	13	-0.9065566748228733	cc5
12	14	-0.9263117273481214	cc5
12	15	-0.9403001995444029	cc5
12	16	-0.5972523248681227	cc5
12	17	-0.6159540880549272	cc5
12	18	-0.6032787992421049	cc5
12	19	-0.6257981003052748	cc5
12	20	-0.689061161964382	cc5
12	21	-0.689351301256238	cc5
12	22	-0.5948044152867951	cc5
12	23	-0.4716293819706152	cc5
12	24	-0.9263616991134356	cc5
12	25	-1.1837831076276046	cc5
12	26	-0.5356249213765238	cc5
12	27	-0.24217857647008856	cc5
12	28	-0.8202724684907707	cc5
13	1	-0.2982690503241514	cc5
13	2	-0.327436570888068	cc5
13	3	-0.343286909534001	cc5
13	4	-0.33441799071656675	cc5
13	5	-0.326648721294859	cc5
13	6	-0.3036263422866625	cc5
13	7	-0.2765833621093705	cc5
13	8	-0.3564796676226081	cc5
13	9	-0.3006156826971704	cc5
13	10	-0.06624132078171385	cc5
13	11	-0.25149592216725836	cc5
13	12	-0.2508903009118413	cc5
13	13	-0.2550547303685775	cc5
13	14	-0.281291999259885	cc5
13	15	-0.26197134949597967	cc5
13	16	-0.29997400762079707	cc5
13	17	-0.3501989660700957	cc5
13	18	-0.29696262866966094	cc5
13	19	-0.37682510196870567	cc5
13	20	-0.44729565556220763	cc5
13	21	-0.4102488290487898	cc5
13	22	-0.46419265804120613	cc5
13	23	-0.5750678679570953	cc5
13	24	-1.3622940889659318	cc5
13	25	-1.8135870291962277	cc5
13	26	-1.2508640759927658	cc5
13	27	-1.6650305782694588	cc5
13	28	-3.886410034628341	cc5
14	1	-0.41347106851331006	cc5
14	2	-0.44255246763104594	cc5
14	3	-0.4147213145294657	cc5
14	4	-0.4479044902678808	cc5
14	5	-0.4330319130369702	cc5
14	6	-0.4300617050798792	cc5
14	7	-0.39559979380489096	cc5
14	8	-0.4382019133433772	cc5
14	9	-0.5066988073291583	cc5
14	10	-0.15381333238842387	cc5
14	11	-0.30975332806524136	cc5
14	12	-0.2922613626917254	cc5
14	13	-0.30896741456787424	cc5
14	14	-0.36541693529957087	cc5
14	15	-0.41590613053955394	cc5
14	16	-0.3628980741858072	cc5
14	17	-0.41135334057030803	cc5
14	18	-0.3480736563404676	cc5
14	19	-0.40460768362082433	cc5
14	20	-0.42656464171409425	cc5
14	21	-0.5284438784616157	cc5
14	22	-0.5733576546285306	cc5
14	23	-0.9006940335575919	cc5
14	24	-0.5322012300621637	cc5
14	25	-0.725344445917564	cc5
14	26	-0.9812068179282463	cc5
14	27	-0.6975092107480947	cc5
14	28	-1.5416895377339301	cc5
15	1	-0.4220298136039915	cc5
15	2	-0.42512655009711153	cc5
15	3	-0.44790795442278863	cc5
15	4	-0.5351978302685083	cc5
15	5	-0.45145922653510695	cc5
15	6	-0.44511786919943575	cc5
15	7	-0.4112157109221215	cc5
15	8	-0.44525042570391093	cc5
15	9	-0.44780689298302434	cc5
15	10	-0.15977476366844456	cc5
15	11	-0.32633626292371787	cc5
15	12	-0.3528664584819552	cc5
15	13	-0.38095951538982575	cc5
15	14	-0.3603699126620299	cc5
15	15	-0.32179926114555	cc5
15	16	-0.35817458448364903	cc5
15	17	-0.35948005297042585	cc5
15	18	-0.327655163487492	cc5
15	19	-0.3824374437451894	cc5
15	20	-0.37060796089888726	cc5
15	21	-0.3637821300853048	cc5
15	22	-0.33513345882725076	cc5
15	23	-0.4322364591915502	cc5
15	24	-0.2901977816412895	cc5
15	25	-0.12913522030365954	cc5
15	26	0.20509125899482683	cc5
15	27	-0.8508308890697691	cc5
15	28	-2.356334846658413	cc5
16	1	-0.2325226574233099	cc5
16	2	-0.24293755524875849	cc5
16	3	-0.2060014240713457	cc5
16	4	-0.2621498040756336	cc5
16	5	-0.2014125184387936	cc5
16	6	-0.19593379611387007	cc5
16	7	-0.23766531100996957	cc5
16	8	-0.2611308624572004	cc5
16	9	-0.32282514501925164	cc5
16	10	0.027919170388287284	cc5
16	11	-0.13929851343368682	cc5
16	12	-0.187848531657842	cc5
16	13	-0.20454352933155207	cc5
16	14	-0.223194586597387	cc5
16	15	-0.18633936315682575	cc5
16	16	-0.16380274221758384	cc5
16	17	-0.20522743715245184	cc5
16	18	-0.2133535652443399	cc5
16	19	-0.27145794797512224	cc5
16	20	-0.2919870867301313	cc5
16	21	-0.353898130258429	cc5
16	22	-0.3879376008828004	cc5
16	23	-0.3369978674562475	cc5
16	24	-0.8080329484084174	cc5
16	25	-0.8643094234170761	cc5
16	26	-0.17843559151315702	cc5
16	27	0.7253392279419302	cc5
16	28	0.397643121517838	cc5
17	1	-0.3243591742436891	cc5
17	2	-0.3280701723701043	cc5
17	3	-0.3567664174202889	cc5
17	4	-0.4360863893453555	cc5
17	5	-0.3065591577888327	cc5
17	6	-0.3633194175752621	cc5
17	7	-0.31752200079780124	cc5
17	8	-0.37509005692568564	cc5
17	9	-0.30072798186504457	cc5
17	10	-0.06319322159518492	cc5
17	11	-0.2940754930889966	cc5
17	12	-0.30005585397515944	cc5
17	13	-0.3297739361222227	cc5
17	14	-0.3546753729581127	cc5
17	15	-0.2569134100620616	cc5
17	16	-0.40080375383369216	cc5
17	17	-0.3551508214916055	cc5
17	18	-0.3582292657699213	cc5
17	19	-0.39849025750245204	cc5
17	20	-0.41160485120810364	cc5
17	21	-0.4371510645411192	cc5
17	22	-0.48217153113717615	cc5
17	23	-0.32523525372004514	cc5
17	24	0.6104203344198638	cc5
17	25	0.9369248569741657	cc5
17	26	0.23195141315559908	cc5
17	27	0.4332600200211374	cc5
17	28	-0.3084879567062586	cc5
18	1	-0.40213510248347006	cc5
18	2	-0.4176676508736392	cc5
18	3	-0.3854444737918641	cc5
18	4	-0.456542319177629	cc5
18	5	-0.3957324073491222	cc5
18	6	-0.33025318953238525	cc5
18	7	-0.3608733677203162	cc5
18	8	-0.38446699405309914	cc5
18	9	-0.41153831546396447	cc5
18	10	-0.11589467313533675	cc5
18	11	-0.29605684530166343	cc5
18	12	-0.2791164262993391	cc5
18	13	-0.3458085145553724	cc5
18	14	-0.29635677669944016	cc5
18	15	-0.3308553495077362	cc5
18	16	-0.3554298314475588	cc5
18	17	-0.39010980373161885	cc5
18	18	-0.3071801988001397	cc5
18	19	-0.4011327927824837	cc5
18	20	-0.3916973335451672	cc5
18	21	-0.4593012768725444	cc5
18	22	-0.47380059989767886	cc5
18	23	-0.23691684479097574	cc5
18	24	-0.12442094861154374	cc5
18	25	-0.34875918418262586	cc5
18	26	0.02697770588127213	cc5
18	27	0.24807483483595405	cc5
18	28	0.5201833719650679	cc5
19	1	-0.10199738741369657	cc5
19	2	-0.1440376075005787	cc5
19	3	-0.10588523270337191	cc5
19	4	-0.1547064053467082	cc5
19	5	-0.10090739261268311	cc5
19	6	-0.07260860140554826	cc5
19	7	-0.10180647078848182	cc5
19	8	-0.11107720485018291	cc5
19	9	-0.1331996643860407	cc5
19	10	0.199196105984079	cc5
19	11	-0.13605355589728418	cc5
19	12	-0.1427080935167595	cc5
19	13	-0.13018071426373723	cc5
19	14	-0.09863749445530345	cc5
19	15	-0.14316953985272818	cc5
19	16	-0.17466621746207522	cc5
19	17	-0.21622116842814876	cc5
19	18	-0.17802869761603546	cc5
19	19	-0.27370349040069897	cc5
19	20	-0.23087754190182608	cc5
19	21	-0.2549865978853134	cc5
19	22	-0.14441877010737159	cc5
19	23	-0.17316710619514453	cc5
19	24	-0.8783062238941142	cc5
19	25	0.24892625197831109	cc5
19	26	-0.08781821248607002	cc5
19	27	0.1756842624453796	cc5
19	28	1.1740295258112212	cc5
20	1	-0.12005439245061922	cc5
20	2	-0.11044320127256668	cc5
20	3	-0.10999957776846259	cc5
20	4	-0.164666056772937	cc5
20	5	-0.10260406510221287	cc5
20	6	-0.05803014383659644	cc5
20	7	-0.07296054473509628	cc5
20	8	-0.08866396280404132	cc5
20	9	-0.12760331554128612	cc5
20	10	0.15347821682794205	cc5
20	11	0.012903773449401967	cc5
20	12	0.02454460002485348	cc5
20	13	-0.01657607958084384	cc5
20	14	-0.01753033590843245	cc5
20	15	-0.03152373117097085	cc5
20	16	-0.04136567669642943	cc5
20	17	-0.07440183344812112	cc5
20	18	-0.0460136746052342	cc5
20	19	-0.07852979313022246	cc5
20	20	-0.09647553922195584	cc5
20	21	-0.11789258476539288	cc5
20	22	-0.12167741590515391	cc5
20	23	-0.10578834175595375	cc5
20	24	0.12345425109943875	cc5
20	25	0.360046679606441	cc5
20	26	0.5668128707164399	cc5
20	27	0.3071730634993983	cc5
20	28	1.236966588748281	cc5
21	1	-0.18117970699262287	cc5
21	2	-0.17761231692961843	cc5
21	3	-0.14930269492851522	cc5
21	4	-0.2020802435037865	cc5
21	5	-0.20287745492198894	cc5
21	6	-0.1878272634563416	cc5
21	7	-0.19051470554310868	cc5
21	8	-0.25988443403905137	cc5
21	9	-0.2370701225219065	cc5
21	10	0.07035090667243082	cc5
21	11	-0.1823697988959978	cc5
21	12	-0.18184415354331662	cc5
21	13	-0.21982308458707678	cc5
21	14	-0.16667569637975532	cc5
21	15	-0.22235311922338497	cc5
21	16	-0.17589010512897119	cc5
21	17	-0.23141614639438757	cc5
21	18	-0.15045879858360678	cc5
21	19	-0.18424382471715006	cc5
21	20	-0.1634566102214876	cc5
21	21	-0.2808387889337851	cc5
21	22	-0.20346114902399393	cc5
21	23	-0.1339604019257763	cc5
21	24	-0.14445170200657032	cc5
21	25	-0.04071256820851943	cc5
21	26	0.13942944333301455	cc5
21	27	0.7260528128139327	cc5
21	28	0.8463941981758936	cc5
22	1	0.12423067210196592	cc5
22	2	0.12547319405063462	cc5
22	3	0.1707132540348013	cc5
22	4	0.11534911076767429	cc5
22	5	0.07396996666227551	cc5
22	6	0.14580051227670054	cc5
22	7	0.14166335031915622	cc5
22	8	0.19068400337148717	cc5
22	9	0.11095057023563015	cc5
22	10	0.43792339266596514	cc5
22	11	0.26103387345504814	cc5
22	12	0.24540199212388814	cc5
22	13	0.23185769077790752	cc5
22	14	0.22391646000187393	cc5
22	15	0.20140879138062928	cc5
22	16	0.14869787998533468	cc5
22	17	0.14417989499112593	cc5
22	18	0.1963626746599232	cc5
22	19	0.18611900713376173	cc5
22	20	0.09276451542017838	cc5
22	21	0.18812653368784282	cc5
22	22	0.20846832605165844	cc5
22	23	0.03361887307156053	cc5
22	24	0.2925018145835381	cc5
22	25	0.21007827851101268	cc5
22	26	-0.2284984845949154	cc5
22	27	0.17088378239737523	cc5
22	28	0.8176715980247238	cc5
23	1	-0.06352207503269369	cc5
23	2	-0.0401127483787036	cc5
23	3	-0.0055713734178652885	cc5
23	4	-0.060232373646634585	cc5
23	5	-0.1200619690365059	cc5
23	6	-0.047122760821082466	cc5
23	7	-0.016655972503400562	cc5
23	8	-0.06942712188330802	cc5
23	9	-0.05120060661972303	cc5
23	10	0.22855731799504042	cc5
23	11	0.017069469244781033	cc5
23	12	0.04643284610653353	cc5
23	13	0.06236985553820773	cc5
23	14	-0.032410422159401264	cc5
23	15	0.04903752965216768	cc5
23	16	-0.0020861851182161217	cc5
23	17	0.013452268688503466	cc5
23	18	0.00943169735497662	cc5
23	19	-0.01057976541184047	cc5
23	20	-0.058819985991256374	cc5
23	21	-0.08638282435175171	cc5
23	22	-0.02242849535696223	cc5
23	23	-0.3374070166231604	cc5
23	24	-0.8459758275576874	cc5
23	25	-0.8656475144072644	cc5
23	26	-1.3667673612063354	cc5
23	27	-0.10213821006735913	cc5
23	28	-0.06428118308772213	cc5
24	1	-0.12277586433463483	cc5
24	2	-0.14574477804250563	cc5
24	3	-0.16262222431601003	cc5
24	4	-0.15917548827447803	cc5
24	5	-0.13941994746551956	cc5
24	6	-0.07625342079619202	cc5
24	7	-0.13736281541076067	cc5
24	8	-0.10520355811213733	cc5
24	9	-0.13020435851036893	cc5
24	10	0.14455311003149518	cc5
24	11	-0.06271207507443677	cc5
24	12	-0.002824912592053863	cc5
24	13	-0.07093314196738021	cc5
24	14	-0.0016512500416325793	cc5
24	15	-0.061135573355940664	cc5
24	16	-0.09060646701176012	cc5
24	17	-0.0847170105186521	cc5
24	18	-0.10085681318104633	cc5
24	19	-0.06993682631966891	cc5
24	20	-0.11430489534036781	cc5
24	21	-0.15468657678458442	cc5
24	22	-0.17761567863477978	cc5
24	23	-0.08861593392501987	cc5
24	24	0.0726714166709499	cc5
24	25	0.6305306178625898	cc5
24	26	0.7560149729620207	cc5
24	27	0.15024115209661204	cc5
24	28	-0.9824691479288319	cc5
25	1	-0.07212499505729397	cc5
25	2	-0.03492969607260221	cc5
25	3	-0.024209016820542217	cc5
25	4	-0.021434004490615166	cc5
25	5	-0.042753119217110225	cc5
25	6	0.049874360907352866	cc5
25	7	0.014191588950588141	cc5
25	8	-0.01597119700932126	cc5
25	9	-0.08113448594308892	cc5
25	10	0.19126307281519672	cc5
25	11	0.09356550663783736	cc5
25	12	0.05854802804531545	cc5
25	13	0.08232499444817165	cc5
25	14	0.05297575463178816	cc5
25	15	0.07794470147698718	cc5
25	16	0.09469642817883539	cc5
25	17	0.03626666503127751	cc5
25	18	0.05623491425843952	cc5
25	19	0.06107189758681386	cc5
25	20	0.10637471824205846	cc5
25	21	0.07402945211677547	cc5
25	22	0.0889047065545654	cc5
25	23	0.037947477560464904	cc5
25	24	-0.4731805178528603	cc5
25	25	-0.0033091739783159824	cc5
25	26	0.4388745838377588	cc5
25	27	0.2978433533544731	cc5
25	28	-1.1512909870092898	cc5
26	1	-0.1291885339892005	cc5
26	2	-0.093452982299155	cc5
26	3	0.08246001223464816	cc5
26	4	0.03787483290303584	cc5
26	5	0.006733461076059655	cc5
26	6	0.12789286690910018	cc5
26	7	0.13490363182165055	cc5
26	8	-0.043243329223230376	cc5
26	9	0.13420386380794724	cc5
26	10	0.3939601992210129	cc5
26	11	0.2142090600936868	cc5
26	12	0.2532855116644228	cc5
26	13	0.20017002187123012	cc5
26	14	0.20604022307865932	cc5
26	15	0.3163999383410854	cc5
26	16	0.21323774627509806	cc5
26	17	0.21931372602750088	cc5
26	18	0.2653630537950207	cc5
26	19	0.3134008859605544	cc5
26	20	0.21676049224200966	cc5
26	21	0.3737832264514722	cc5
26	22	0.41981262415734477	cc5
26	23	0.5969190996101403	cc5
26	24	0.3906521608812028	cc5
26	25	-0.054017849411643226	cc5
26	26	-0.20671794629263474	cc5
26	27	-1.157649070887956	cc5
26	28	-0.763033411251719	cc5
27	1	-0.042122251824771695	cc5
27	2	-0.062325138340128206	cc5
27	3	8.995846062447299E-4	cc5
27	4	-0.01938114079505482	cc5
27	5	0.05354751363392296	cc5
27	6	0.08755249692021039	cc5
27	7	0.10451842421402091	cc5
27	8	0.09960098497781189	cc5
27	9	0.09036582229209245	cc5
27	10	0.3706671305284459	cc5
27	11	0.15681472931292717	cc5
27	12	0.13129202207681345	cc5
27	13	0.1136634171439681	cc5
27	14	0.1626541878281742	cc5
27	15	0.1469739771576286	cc5
27	16	0.10828670793102901	cc5
27	17	0.09387625126642973	cc5
27	18	0.0541887729618864	cc5
27	19	-0.008877317723033684	cc5
27	20	-0.005225154296802259	cc5
27	21	0.07032414084365257	cc5
27	22	0.03849354510173697	cc5
27	23	0.2017689878078457	cc5
27	24	0.14528388707347517	cc5
27	25	0.2404029388840243	cc5
27	26	0.7193314930337209	cc5
27	27	-0.31975202817163506	cc5
27	28	1.9642393160210077	cc5
28	1	0.14630574756176173	cc5
28	2	0.18344668798191321	cc5
28	3	0.13256039498996586	cc5
28	4	0.15734028196192895	cc5
28	5	0.1308610041130862	cc5
28	6	0.1796375659755043	cc5
28	7	0.16538816760762387	cc5
28	8	0.18788196672223023	cc5
28	9	0.20791105299693413	cc5
28	10	0.4584726062099165	cc5
28	11	0.28367895523732756	cc5
28	12	0.19257242450559886	cc5
28	13	0.1907241555634016	cc5
28	14	0.15652480485210418	cc5
28	15	0.16607920770103135	cc5
28	16	0.14337675022169094	cc5
28	17	0.11127333891694491	cc5
28	18	0.16827724224079788	cc5
28	19	0.15684057724014622	cc5
28	20	0.019518918281484332	cc5
28	21	0.10719516242360072	cc5
28	22	0.14788187208813497	cc5
28	23	0.0010283575265006561	cc5
28	24	0.11220421092072286	cc5
28	25	0.20784479934913946	cc5
28	26	0.12078421582702248	cc5
28	27	0.44811150516964915	cc5
28	28	-0.07597047418877878	cc5
29	1	0.04802820457337731	cc5
29	2	0.01686517208428029	cc5
29	3	0.07069942246869942	cc5
29	4	0.0022376600738809316	cc5
29	5	0.03158980112807086	cc5
29	6	0.05560156381771009	cc5
29	7	0.0730408280076773	cc5
29	8	0.10202442462247063	cc5
29	9	0.09060441249459927	cc5
29	10	0.32045625261014976	cc5
29	11	0.06115904152852636	cc5
29	12	0.11874708228840802	cc5
29	13	0.03149136326960189	cc5
29	14	0.05849626823329146	cc5
29	15	0.05469054893189451	cc5
29	16	-0.027449090284214606	cc5
29	17	-0.014440657082154473	cc5
29	18	0.030813959602255636	cc5
29	19	-0.013832525907183424	cc5
29	20	0.03472306066068853	cc5
29	21	-0.04072068979363763	cc5
29	22	-0.22161575144171053	cc5
29	23	-0.10081932160824181	cc5
29	24	-0.5171131004878688	cc5
29	25	0.2384187272347802	cc5
29	26	0.20509125899482683	cc5
29	27	0.34447497329216503	cc5
29	28	0.5604338191922551	cc5
30	1	0.02124963510014055	cc5
30	2	0.07809731194451075	cc5
30	3	0.021887427713515706	cc5
30	4	-0.00807702037995739	cc5
30	5	0.05158392175519566	cc5
30	6	0.07764548081527778	cc5
30	7	0.10770882659396364	cc5
30	8	0.09033821815521748	cc5
30	9	0.12959812737518916	cc5
30	10	0.38149859873911396	cc5
30	11	0.23926821130000775	cc5
30	12	0.19558922995342698	cc5
30	13	0.16948286052648598	cc5
30	14	0.0869499012897279	cc5
30	15	0.15542524184981232	cc5
30	16	0.12103267822344321	cc5
30	17	0.06833478646164082	cc5
30	18	0.1033851277250335	cc5
30	19	0.0864892696443178	cc5
30	20	0.08973471677011702	cc5
30	21	0.141330082436518	cc5
30	22	0.22595987681208385	cc5
30	23	0.13167085313646254	cc5
30	24	0.6129499786886399	cc5
30	25	0.0620705509089845	cc5
30	26	0.43372373762730376	cc5
30	27	0.9023321849695876	cc5
30	28	0.03620901299071022	cc5
31	1	0.11531438943236338	cc5
31	2	0.11233885729744486	cc5
31	3	0.029750370090717126	cc5
31	4	0.07973144278075495	cc5
31	5	0.10805353413076091	cc5
31	6	0.1537448499429246	cc5
31	7	0.08686108520843305	cc5
31	8	0.1278269496719986	cc5
31	9	0.14816316957693232	cc5
31	10	0.4013790464472109	cc5
31	11	0.18328143222768745	cc5
31	12	0.18704649733495415	cc5
31	13	0.09045789580748931	cc5
31	14	0.19986366238055098	cc5
31	15	0.1435954191525468	cc5
31	16	0.10730829411657794	cc5
31	17	0.10404610567693595	cc5
31	18	0.13922478987767306	cc5
31	19	0.0724463449754893	cc5
31	20	0.06138541204848735	cc5
31	21	0.05382156321201137	cc5
31	22	0.08260821368761384	cc5
31	23	-0.136788813137386	cc5
31	24	-0.06408816521058469	cc5
31	25	0.3616197359742941	cc5
31	26	-1.1303243869303685	cc5
31	27	0.23113236044667218	cc5
31	28	-1.0971243203426226	cc5
32	1	0.33006708587888767	cc5
32	2	0.2980460978821142	cc5
32	3	0.29573232344746714	cc5
32	4	0.31569059994211557	cc5
32	5	0.3557853747477111	cc5
32	6	0.38800728338507184	cc5
32	7	0.3403296649351262	cc5
32	8	0.36809467050755273	cc5
32	9	0.38389606105297247	cc5
32	10	0.6188334437133207	cc5
32	11	0.40215808867537106	cc5
32	12	0.3941357831231187	cc5
32	13	0.38500737099852245	cc5
32	14	0.3226831090660056	cc5
32	15	0.3877222338496793	cc5
32	16	0.32016241087777786	cc5
32	17	0.34307914981715726	cc5
32	18	0.31469258514005105	cc5
32	19	0.2641387200238796	cc5
32	20	0.31181143838465886	cc5
32	21	0.32844815744814326	cc5
32	22	0.321341995913464	cc5
32	23	0.25175668000120766	cc5
32	24	0.048861892861424394	cc5
32	25	0.6791045929071586	cc5
32	26	1.021397348738418	cc5
32	27	0.44389831789347767	cc5
32	28	-0.06101320923151121	cc5
33	1	0.26042336519069664	cc5
33	2	0.25002691523872755	cc5
33	3	0.2845578202013499	cc5
33	4	0.2564351860492948	cc5
33	5	0.2955088891399811	cc5
33	6	0.380027299504583	cc5
33	7	0.313154514369991	cc5
33	8	0.25404778430242914	cc5
33	9	0.2956217797145939	cc5
33	10	0.5412339607223657	cc5
33	11	0.3345506093906394	cc5
33	12	0.3420396964416028	cc5
33	13	0.33168099740237267	cc5
33	14	0.3050850434075443	cc5
33	15	0.3245986445714806	cc5
33	16	0.25489930531189486	cc5
33	17	0.2997038676727968	cc5
33	18	0.2804075069498282	cc5
33	19	0.3067803359339294	cc5
33	20	0.2693876747569135	cc5
33	21	0.19395486240349413	cc5
33	22	0.25731932061124496	cc5
33	23	0.29281870179420366	cc5
33	24	-0.11235440088498905	cc5
33	25	0.4689441650996713	cc5
33	26	1.0260848487384209	cc5
33	27	1.3171885914497068	cc5
33	28	1.5165549249403938	cc5
34	1	0.17759195298777541	cc5
34	2	0.19703550710570994	cc5
34	3	0.24874484175796852	cc5
34	4	0.16222024963838066	cc5
34	5	0.21569270811941976	cc5
34	6	0.3282417218521658	cc5
34	7	0.18366022637207635	cc5
34	8	0.24496253420701208	cc5
34	9	0.2800657053760247	cc5
34	10	0.5215777277431428	cc5
34	11	0.3713389080052991	cc5
34	12	0.28746879662225666	cc5
34	13	0.29171316404874403	cc5
34	14	0.26089075822068253	cc5
34	15	0.275264606550337	cc5
34	16	0.1748699011814736	cc5
34	17	0.2317127968012258	cc5
34	18	0.17593085788597307	cc5
34	19	0.1286548519554458	cc5
34	20	0.17610171971458044	cc5
34	21	0.21534476059991903	cc5
34	22	0.16144940719673428	cc5
34	23	0.33667779239772955	cc5
34	24	0.6521456425105967	cc5
34	25	0.2613112319950375	cc5
34	26	0.544834848738418	cc5
34	27	0.8540520992290581	cc5
34	28	0.3278756796573745	cc5
35	1	0.30670890904887216	cc5
35	2	0.34397045800145065	cc5
35	3	0.35898943436296804	cc5
35	4	0.3311391428496151	cc5
35	5	0.3333206857090474	cc5
35	6	0.36960397063328543	cc5
35	7	0.3519963208933916	cc5
35	8	0.3065487410930672	cc5
35	9	0.3772551159720976	cc5
35	10	0.6145891678905357	cc5
35	11	0.39784307313748	cc5
35	12	0.40533940770362165	cc5
35	13	0.3640561006605907	cc5
35	14	0.40451463160826506	cc5
35	15	0.318695349331243	cc5
35	16	0.28196795483256665	cc5
35	17	0.3478477305039078	cc5
35	18	0.36606783040087265	cc5
35	19	0.3403571020345595	cc5
35	20	0.3385828394747534	cc5
35	21	0.4731203475087469	cc5
35	22	0.3461516649130303	cc5
35	23	0.2845063896233171	cc5
35	24	0.08151495408591813	cc5
35	25	0.06591386206936534	cc5
35	26	0.09483484873841519	cc5
35	27	0.0038482553152547894	cc5
35	28	0.986966588748281	cc5
36	1	0.31599103926967587	cc5
36	2	0.3753831754457835	cc5
36	3	0.3352855980351137	cc5
36	4	0.24972629924168643	cc5
36	5	0.32416728624185254	cc5
36	6	0.4109920159631031	cc5
36	7	0.32111175718521423	cc5
36	8	0.3219867333848043	cc5
36	9	0.30481307470650876	cc5
36	10	0.5885874865137453	cc5
36	11	0.3721700314790226	cc5
36	12	0.42213391100795405	cc5
36	13	0.3662084297119321	cc5
36	14	0.32730981575720364	cc5
36	15	0.3186773353635104	cc5
36	16	0.26292442630658996	cc5
36	17	0.2541769194178798	cc5
36	18	0.2943516639449584	cc5
36	19	0.2621826026432714	cc5
36	20	0.23702615236942393	cc5
36	21	0.08325536745682882	cc5
36	22	0.1741096905597388	cc5
36	23	0.04061252922335257	cc5
36	24	-0.47711213311259826	cc5
36	25	-0.2883984922429903	cc5
36	26	-0.7103375650546866	cc5
36	27	-1.167863575484482	cc5
36	28	-1.1080217562400634	cc5
37	1	0.24171702346989576	cc5
37	2	0.2732449398486949	cc5
37	3	0.2671646096966853	cc5
37	4	0.1859447432054111	cc5
37	5	0.24995680876754278	cc5
37	6	0.30210495344955746	cc5
37	7	0.23829643214960328	cc5
37	8	0.18098810716243463	cc5
37	9	0.20747400294327178	cc5
37	10	0.5210420284161827	cc5
37	11	0.30854261471378663	cc5
37	12	0.2762732042451006	cc5
37	13	0.24718249755008515	cc5
37	14	0.2772205024506533	cc5
37	15	0.2877977313879896	cc5
37	16	0.29885736961850284	cc5
37	17	0.2070640503094907	cc5
37	18	0.24628504266264173	cc5
37	19	0.22008602607881755	cc5
37	20	0.28628883264814675	cc5
37	21	0.2105582825832073	cc5
37	22	0.23679558664186828	cc5
37	23	0.1570783184944986	cc5
37	24	0.4229836727209104	cc5
37	25	0.4148443433527902	cc5
37	26	0.7510848487384152	cc5
37	27	-0.14440988289148748	cc5
37	28	-0.902893551111859	cc5
38	1	0.43135311605067983	cc5
38	2	0.49380364192081316	cc5
38	3	0.4681289268309996	cc5
38	4	0.47217709939476293	cc5
38	5	0.4639235596426232	cc5
38	6	0.533215385021883	cc5
38	7	0.5025572225376038	cc5
38	8	0.4975045803585303	cc5
38	9	0.48726698919107037	cc5
38	10	0.736111134991063	cc5
38	11	0.5205585213209218	cc5
38	12	0.542359930152827	cc5
38	13	0.4705487667165542	cc5
38	14	0.4366772735847064	cc5
38	15	0.5493054897691181	cc5
38	16	0.48234112140214336	cc5
38	17	0.43968576074581733	cc5
38	18	0.4767933210667792	cc5
38	19	0.436364888281048	cc5
38	20	0.4842392877243	cc5
38	21	0.33716654824341674	cc5
38	22	0.37853734592682287	cc5
38	23	0.4005440960252926	cc5
38	24	0.2631476071471397	cc5
38	25	0.21929381544931914	cc5
38	26	-0.016808986878018572	cc5
38	27	-0.97978345823973	cc5
38	28	-0.9274434692787992	cc5
39	1	0.24140354605823688	cc5
39	2	0.2922785771067993	cc5
39	3	0.3151143272050092	cc5
39	4	0.28760637052755555	cc5
39	5	0.26897133769636383	cc5
39	6	0.36821234940860137	cc5
39	7	0.35036430896769133	cc5
39	8	0.3628616893885521	cc5
39	9	0.3428580281233806	cc5
39	10	0.6633832267439601	cc5
39	11	0.39388385006682114	cc5
39	12	0.46131620302656273	cc5
39	13	0.4297333944409871	cc5
39	14	0.42314760559494147	cc5
39	15	0.4008942503544475	cc5
39	16	0.3073222220233873	cc5
39	17	0.31058633401237046	cc5
39	18	0.25744191586851173	cc5
39	19	0.38351275394466455	cc5
39	20	0.3679057369969314	cc5
39	21	0.3568911148164773	cc5
39	22	0.3140142569571225	cc5
39	23	0.42971302996860317	cc5
39	24	0.3694382795983344	cc5
39	25	0.7990470810516399	cc5
39	26	0.6536783861533806	cc5
39	27	0.08543393306461411	cc5
39	28	-0.9221243203426255	cc5
40	1	0.42338000688317123	cc5
40	2	0.49034452613278035	cc5
40	3	0.4737482450641224	cc5
40	4	0.4395709836938977	cc5
40	5	0.45817565847908526	cc5
40	6	0.4760170813030129	cc5
40	7	0.45271790743359475	cc5
40	8	0.3960126129447872	cc5
40	9	0.4585480308427279	cc5
40	10	0.7334486713107893	cc5
40	11	0.46433608418465866	cc5
40	12	0.5554421721821114	cc5
40	13	0.4922353767139782	cc5
40	14	0.5692660851835782	cc5
40	15	0.5633968613246765	cc5
40	16	0.49171578911823843	cc5
40	17	0.47515304244830503	cc5
40	18	0.4584386940097005	cc5
40	19	0.4741217544378813	cc5
40	20	0.5740630940137947	cc5
40	21	0.4984152835948592	cc5
40	22	0.5088509191350568	cc5
40	23	0.3716120748844105	cc5
40	24	0.9245471556798677	cc5
40	25	1.0514407729694142	cc5
40	26	1.4984772328443796	cc5
40	27	1.18578527254639	cc5
40	28	1.9127813400347335	cc5
41	1	0.33586918482941286	cc5
41	2	0.3795886301873921	cc5
41	3	0.3799259409244371	cc5
41	4	0.3707091620896108	cc5
41	5	0.4077624219384006	cc5
41	6	0.4818357263064641	cc5
41	7	0.4569116418038348	cc5
41	8	0.39261705217386833	cc5
41	9	0.41652867331826826	cc5
41	10	0.6879618259507723	cc5
41	11	0.4877924143696646	cc5
41	12	0.48653877805422496	cc5
41	13	0.4358425783948263	cc5
41	14	0.483149215298603	cc5
41	15	0.4644202241402482	cc5
41	16	0.42534963869244535	cc5
41	17	0.40545260594623045	cc5
41	18	0.46514816650824997	cc5
41	19	0.4228803803798513	cc5
41	20	0.46967538623690785	cc5
41	21	0.42351014452689384	cc5
41	22	0.40084134396863647	cc5
41	23	0.4592452461231389	cc5
41	24	0.2631476071471397	cc5
41	25	-0.06883165131692692	cc5
41	26	-0.04727041441947932	cc5
41	27	1.575365283179032	cc5
41	28	1.6999687029131891	cc5
42	1	0.45757888112558476	cc5
42	2	0.4747224444356064	cc5
42	3	0.4797760792435497	cc5
42	4	0.4875081848442022	cc5
42	5	0.4934534020138486	cc5
42	6	0.5461252561595416	cc5
42	7	0.5510729177832445	cc5
42	8	0.5391861285151265	cc5
42	9	0.5978849867209206	cc5
42	10	0.8053015711629072	cc5
42	11	0.5481217112545522	cc5
42	12	0.5771349911323824	cc5
42	13	0.6116555578812637	cc5
42	14	0.5510232453967205	cc5
42	15	0.581959519690642	cc5
42	16	0.4842059635993152	cc5
42	17	0.44972632132714807	cc5
42	18	0.4956367590456736	cc5
42	19	0.4974994849203327	cc5
42	20	0.5875139455359317	cc5
42	21	0.6448038838875902	cc5
42	22	0.6140596550773196	cc5
42	23	0.3023278064943469	cc5
42	24	0.7479960919956241	cc5
42	25	0.9462168923723979	cc5
42	26	0.9928867967903656	cc5
42	27	1.2450879770103853	cc5
42	28	1.6205586064866395	cc5
43	1	0.3068723196256471	cc5
43	2	0.41897790470597585	cc5
43	3	0.40558648727463975	cc5
43	4	0.4332595427434427	cc5
43	5	0.32359874079195805	cc5
43	6	0.49803590543768195	cc5
43	7	0.4596182024845348	cc5
43	8	0.4665422648921833	cc5
43	9	0.4906554086519037	cc5
43	10	0.7506493539400267	cc5
43	11	0.5545859656459768	cc5
43	12	0.545033516074831	cc5
43	13	0.5765361520625376	cc5
43	14	0.5275597616488028	cc5
43	15	0.5654138425907647	cc5
43	16	0.48770409458138175	cc5
43	17	0.4853339315172107	cc5
43	18	0.4784966746889836	cc5
43	19	0.5716340362675396	cc5
43	20	0.47343618345603744	cc5
43	21	0.49561149716549124	cc5
43	22	0.5109952426890274	cc5
43	23	0.3108123804252827	cc5
43	24	0.09157897969615902	cc5
43	25	0.02725137513101572	cc5
43	26	-0.656715538858478	cc5
43	27	0.4197465065076216	cc5
43	28	2.3923918086896307	cc5
44	1	0.440918523710188	cc5
44	2	0.5143580903381917	cc5
44	3	0.4900414228459624	cc5
44	4	0.4563057408871174	cc5
44	5	0.4986715658909233	cc5
44	6	0.5752291241387297	cc5
44	7	0.5358428622215143	cc5
44	8	0.598355595004243	cc5
44	9	0.5526575394420163	cc5
44	10	0.7959508231158452	cc5
44	11	0.6604232612059704	cc5
44	12	0.6430075822204131	cc5
44	13	0.5811070533115057	cc5
44	14	0.5901694448620987	cc5
44	15	0.5956034353840991	cc5
44	16	0.5654027818483272	cc5
44	17	0.5219400541723047	cc5
44	18	0.584547025249428	cc5
44	19	0.5716172222362061	cc5
44	20	0.4964268230000428	cc5
44	21	0.5176586986754472	cc5
44	22	0.6158646315761303	cc5
44	23	0.3916034599710443	cc5
44	24	0.5753838940669738	cc5
44	25	1.0910886872441878	cc5
44	26	1.1948348487384166	cc5
44	27	-0.1693040825429648	cc5
44	28	0.4945423463240388	cc5
45	1	0.16586079512219953	cc5
45	2	0.23498115052826307	cc5
45	3	0.39056099472931294	cc5
45	4	0.34847662762430076	cc5
45	5	0.3455485898448103	cc5
45	6	0.4888935864608186	cc5
45	7	0.47369973228826723	cc5
45	8	0.37622431526325073	cc5
45	9	0.5127074499381479	cc5
45	10	0.7281260795019833	cc5
45	11	0.5204568973861967	cc5
45	12	0.5453787588018955	cc5
45	13	0.4721722009642022	cc5
45	14	0.47482943811890976	cc5
45	15	0.5601965356578162	cc5
45	16	0.42905815856907026	cc5
45	17	0.3951158570563891	cc5
45	18	0.5114483370277227	cc5
45	19	0.5238899022939805	cc5
45	20	0.4689163961031113	cc5
45	21	0.5542000555061222	cc5
45	22	0.6470134338281142	cc5
45	23	0.7116890924086903	cc5
45	24	1.205331761322725	cc5
45	25	0.8424097857734125	cc5
45	26	0.6470246297603168	cc5
45	27	0.7748441784369788	cc5
45	28	0.5278756796573774	cc5
46	1	0.3324362638852989	cc5
46	2	0.4377277551450902	cc5
46	3	0.43044440442987053	cc5
46	4	0.43554373635100774	cc5
46	5	0.40844164203391387	cc5
46	6	0.5641686397298002	cc5
46	7	0.541560719255294	cc5
46	8	0.517575531222235	cc5
46	9	0.5510448053830999	cc5
46	10	0.7396432678089013	cc5
46	11	0.49889417673821157	cc5
46	12	0.574819763651945	cc5
46	13	0.5871077139568186	cc5
46	14	0.5165496872273039	cc5
46	15	0.549506446705081	cc5
46	16	0.4695044288001142	cc5
46	17	0.43834190012139373	cc5
46	18	0.4407993973598181	cc5
46	19	0.4763815849590287	cc5
46	20	0.48702658468414484	cc5
46	21	0.5338075566551268	cc5
46	22	0.3814994872237989	cc5
46	23	0.462921266525818	cc5
46	24	0.12891941922767813	cc5
46	25	-0.006055834900330126	cc5
46	26	-0.07456813633621096	cc5
46	27	0.16921507620091347	cc5
46	28	0.5604338191922551	cc5
47	1	0.4138340783516412	cc5
47	2	0.4833825769294151	cc5
47	3	0.5148959005736273	cc5
47	4	0.4838441781917524	cc5
47	5	0.5359072711638433	cc5
47	6	0.5987170350983604	cc5
47	7	0.5499870068068233	cc5
47	8	0.5901180386684359	cc5
47	9	0.5566960273488988	cc5
47	10	0.8242106485217704	cc5
47	11	0.5646204524547187	cc5
47	12	0.5514998433410767	cc5
47	13	0.5644818682460269	cc5
47	14	0.492943753937368	cc5
47	15	0.5023155379728124	cc5
47	16	0.4732558835213041	cc5
47	17	0.4509498946772794	cc5
47	18	0.4905767630271498	cc5
47	19	0.4171775175058272	cc5
47	20	0.44075101700210695	cc5
47	21	0.41182628235052476	cc5
47	22	0.4044749526761606	cc5
47	23	0.3370689815204173	cc5
47	24	-0.01795838363626956	cc5
47	25	0.20004202898442003	cc5
47	26	-0.6130598881036846	cc5
47	27	-0.7485581617970425	cc5
47	28	0.5619182328488606	cc5
48	1	0.6513135753102262	cc5
48	2	0.7577794706323644	cc5
48	3	0.7380632706499171	cc5
48	4	0.7075549494574958	cc5
48	5	0.7210776581834537	cc5
48	6	0.7930680628544877	cc5
48	7	0.7804484083803018	cc5
48	8	0.7856100677385172	cc5
48	9	0.8103773978493649	cc5
48	10	1.0032204755495115	cc5
48	11	0.8150779667644983	cc5
48	12	0.7962425466427732	cc5
48	13	0.8193570271563644	cc5
48	14	0.8180096711370837	cc5
48	15	0.7994425708642723	cc5
48	16	0.7240802406952653	cc5
48	17	0.7319489402740373	cc5
48	18	0.7460283573495943	cc5
48	19	0.7768491963569701	cc5
48	20	0.7518745298673082	cc5
48	21	0.7228315096876727	cc5
48	22	0.767142445065943	cc5
48	23	0.7068513865539501	cc5
48	24	0.7474525398825662	cc5
48	25	0.44567925796379626	cc5
48	26	0.28167695400157555	cc5
48	27	-0.2406530234571207	cc5
48	28	0.02018337196506792	cc5
49	1	0.4892439192631386	cc5
49	2	0.5248307624218853	cc5
49	3	0.47684887417683797	cc5
49	4	0.49928117432317265	cc5
49	5	0.46984218520503873	cc5
49	6	0.5942169510630819	cc5
49	7	0.5763953051008244	cc5
49	8	0.623102308868468	cc5
49	9	0.6565626424542188	cc5
49	10	0.8400007036852273	cc5
49	11	0.6710273033571283	cc5
49	12	0.6957459022341794	cc5
49	13	0.634205260205583	cc5
49	14	0.7136775170752685	cc5
49	15	0.661446319674063	cc5
49	16	0.5968923160673683	cc5
49	17	0.5479741430788181	cc5
49	18	0.6117615015566997	cc5
49	19	0.6110210708130168	cc5
49	20	0.6052685559797055	cc5
49	21	0.5858863821506546	cc5
49	22	0.5543438412705441	cc5
49	23	0.6952788825279228	cc5
49	24	0.7409701877922998	cc5
49	25	-0.020062177395047343	cc5
49	26	0.23764530625475544	cc5
49	27	-0.7646566466455269	cc5
49	28	0.6278756796573717	cc5
50	1	0.594199673050646	cc5
50	2	0.645982674148442	cc5
50	3	0.6102824741147046	cc5
50	4	0.6241050066001748	cc5
50	5	0.6533689591931093	cc5
50	6	0.7341057193156217	cc5
50	7	0.6961468553498165	cc5
50	8	0.7465664742096649	cc5
50	9	0.7349320776981187	cc5
50	10	0.9467427563837134	cc5
50	11	0.6991533534192342	cc5
50	12	0.745167494989964	cc5
50	13	0.7238881286395085	cc5
50	14	0.6685878299728785	cc5
50	15	0.6891327662072655	cc5
50	16	0.5798252032439706	cc5
50	17	0.578117175358841	cc5
50	18	0.6884379467631732	cc5
50	19	0.6809030812575259	cc5
50	20	0.6461309650118778	cc5
50	21	0.6568354602214228	cc5
50	22	0.7048878515107404	cc5
50	23	0.6031067579474438	cc5
50	24	0.8264960234367322	cc5
50	25	0.7198728063508923	cc5
50	26	0.012460748018995105	cc5
50	27	-0.05550402492268347	cc5
50	28	-0.1503851899078441	cc5
51	1	0.5740868174379088	cc5
51	2	0.6920078010674615	cc5
51	3	0.6270948908445035	cc5
51	4	0.6621562226716478	cc5
51	5	0.5978034620101482	cc5
51	6	0.7138754146228834	cc5
51	7	0.7147813111436818	cc5
51	8	0.6874459381455011	cc5
51	9	0.6764816218345899	cc5
51	10	0.9698812047932037	cc5
51	11	0.7639469304022626	cc5
51	12	0.8260962244064416	cc5
51	13	0.7595079637100852	cc5
51	14	0.7938047678935831	cc5
51	15	0.7511641672365457	cc5
51	16	0.6703950979643167	cc5
51	17	0.6938102882057464	cc5
51	18	0.7103331701838229	cc5
51	19	0.7124489879341809	cc5
51	20	0.7272918654309208	cc5
51	21	0.7150555084351709	cc5
51	22	0.704671167795901	cc5
51	23	0.7374604303556325	cc5
51	24	0.5168421884279297	cc5
51	25	0.5632827606358717	cc5
51	26	0.7217579256614925	cc5
51	27	1.3975457343068527	cc5
51	28	0.8733302251119213	cc5
52	1	0.6242231646759464	cc5
52	2	0.7163217321829265	cc5
52	3	0.6604062364909424	cc5
52	4	0.6646413323507119	cc5
52	5	0.6977441306244643	cc5
52	6	0.8248498641054312	cc5
52	7	0.7881400157918677	cc5
52	8	0.8214088679664684	cc5
52	9	0.8400262432808958	cc5
52	10	1.0656828239829679	cc5
52	11	0.8367388478936206	cc5
52	12	0.855708421736793	cc5
52	13	0.7828744495236037	cc5
52	14	0.8597311333112572	cc5
52	15	0.8411697024746161	cc5
52	16	0.7517480657715154	cc5
52	17	0.7584204871913656	cc5
52	18	0.7719051885681765	cc5
52	19	0.7755757225970754	cc5
52	20	0.7502009177577449	cc5
52	21	0.7445027103295843	cc5
52	22	0.8176554421625823	cc5
52	23	0.6929656208476089	cc5
52	24	0.842824281512037	cc5
52	25	1.1745301453844448	cc5
52	26	0.8752696313471162	cc5
52	27	1.3159760694038525	cc5
52	28	1.7226125217626347	cc5
53	1	0.6509114706363164	cc5
53	2	0.6824554762045381	cc5
53	3	0.6742449976123126	cc5
53	4	0.7188890779232011	cc5
53	5	0.6692227873155545	cc5
53	6	0.7506277299185626	cc5
53	7	0.7750065156989336	cc5
53	8	0.7680627752582723	cc5
53	9	0.7447393266788467	cc5
53	10	1.0119983477477916	cc5
53	11	0.8435402161444543	cc5
53	12	0.8274472933911525	cc5
53	13	0.7728698297305527	cc5
53	14	0.7791511298818534	cc5
53	15	0.7819094645586517	cc5
53	16	0.7401730426275392	cc5
53	17	0.7315923835477776	cc5
53	18	0.807334399963409	cc5
53	19	0.805625258448643	cc5
53	20	0.7919027625855719	cc5
53	21	0.7485933580054223	cc5
53	22	0.820681129625477	cc5
53	23	0.7023176068506842	cc5
53	24	0.996480940480474	cc5
53	25	1.3136081967202244	cc5
53	26	0.952527156430726	cc5
53	27	1.027854614615734	cc5
53	28	1.9112090129907102	cc5
54	1	0.4662572986605369	cc5
54	2	0.6104058721934322	cc5
54	3	0.6345898666860208	cc5
54	4	0.5936756277844282	cc5
54	5	0.5897817607786138	cc5
54	6	0.681503245327761	cc5
54	7	0.6671862493655567	cc5
54	8	0.6605462691357218	cc5
54	9	0.6603429393949725	cc5
54	10	0.9284897478767604	cc5
54	11	0.6950879850503355	cc5
54	12	0.792239186891976	cc5
54	13	0.6905216240501204	cc5
54	14	0.7113758110610604	cc5
54	15	0.7245382533208584	cc5
54	16	0.612962868155499	cc5
54	17	0.6856701443961981	cc5
54	18	0.6448436291037254	cc5
54	19	0.6760097106145366	cc5
54	20	0.6954044722984989	cc5
54	21	0.668957215441587	cc5
54	22	0.6643549270823783	cc5
54	23	0.7279332698388714	cc5
54	24	0.8574458527611739	cc5
54	25	0.6762168923723948	cc5
54	26	0.06965754377387867	cc5
54	27	0.3991691109302309	cc5
54	28	0.3500979018796002	cc5
55	1	0.4786657400878269	cc5
55	2	0.5622001260952061	cc5
55	3	0.5397408794701022	cc5
55	4	0.562481744854793	cc5
55	5	0.5300144167009364	cc5
55	6	0.6355138563712117	cc5
55	7	0.5549671480384646	cc5
55	8	0.6285457927428197	cc5
55	9	0.5738189182099802	cc5
55	10	0.880541033717428	cc5
55	11	0.685525933280573	cc5
55	12	0.6587789603387506	cc5
55	13	0.711002578041402	cc5
55	14	0.6886170672662715	cc5
55	15	0.6698880761079167	cc5
55	16	0.6297712501206121	cc5
55	17	0.6432869106446333	cc5
55	18	0.657595021632865	cc5
55	19	0.7274517982830986	cc5
55	20	0.6889914012789049	cc5
55	21	0.6177275175860615	cc5
55	22	0.6132997416559434	cc5
55	23	0.8219023357074349	cc5
55	24	0.8533915095861673	cc5
55	25	1.036336652851439	cc5
55	26	0.9528348487384193	cc5
55	27	0.019679773107554865	cc5
55	28	1.4667645685462603	cc5
56	1	0.5972588641568422	cc5
56	2	0.6872884782296182	cc5
56	3	0.693028396067227	cc5
56	4	0.7121490493437577	cc5
56	5	0.6793590159127731	cc5
56	6	0.7472634805043512	cc5
56	7	0.7635967371909018	cc5
56	8	0.7766764457398807	cc5
56	9	0.778833402735799	cc5
56	10	1.0235627166985566	cc5
56	11	0.8275487096129837	cc5
56	12	0.8520517533799179	cc5
56	13	0.8509713879649254	cc5
56	14	0.8313116087577299	cc5
56	15	0.7949848045120689	cc5
56	16	0.7275409384258964	cc5
56	17	0.7101200578613387	cc5
56	18	0.7271454321914348	cc5
56	19	0.8044158503549852	cc5
56	20	0.8307318613117616	cc5
56	21	0.9458401219256984	cc5
56	22	0.8786088762671227	cc5
56	23	0.6917172687004154	cc5
56	24	0.893284593448513	cc5
56	25	0.37664017279567474	cc5
56	26	0.3536583781501861	cc5
56	27	0.39378633581060996	cc5
56	28	-1.5158743203426255	cc5
57	1	0.5759309878980048	cc5
57	2	0.621360251850632	cc5
57	3	0.5926092583735425	cc5
57	4	0.6154970947495926	cc5
57	5	0.6512263239500768	cc5
57	6	0.7601704741064879	cc5
57	7	0.7104834018908903	cc5
57	8	0.7160477641239993	cc5
57	9	0.7280701653867041	cc5
57	10	0.9990140116440145	cc5
57	11	0.7407349898739568	cc5
57	12	0.7582341767883918	cc5
57	13	0.7606369424580208	cc5
57	14	0.7404320255074026	cc5
57	15	0.7517481889166078	cc5
57	16	0.7031673290508564	cc5
57	17	0.6708561053824411	cc5
57	18	0.6792308079790956	cc5
57	19	0.6722028755223803	cc5
57	20	0.7259519015742626	cc5
57	21	0.7272116622334721	cc5
57	22	0.8259730008228914	cc5
57	23	0.71333120619299	cc5
57	24	0.5171891775859407	cc5
57	25	1.1180748158696616	cc5
57	26	0.568272348738418	cc5
57	27	0.3097306082564302	cc5
57	28	0.6937293381939611	cc5
58	1	0.4925888250093209	cc5
58	2	0.5054663877371866	cc5
58	3	0.4946888451865945	cc5
58	4	0.5340094405218281	cc5
58	5	0.5129447950375621	cc5
58	6	0.6047898920807242	cc5
58	7	0.5597209692829495	cc5
58	8	0.5845294531162537	cc5
58	9	0.5777801190239913	cc5
58	10	0.6788044582060735	cc5
58	11	0.6269117118637766	cc5
58	12	0.6289473773260212	cc5
58	13	0.7196450521579436	cc5
58	14	0.6621613699355677	cc5
58	15	0.6037802048641723	cc5
58	16	0.614742121022708	cc5
58	17	0.6462675556142585	cc5
58	18	0.6852871536667422	cc5
58	19	0.681938043127083	cc5
58	20	0.6280031726741484	cc5
58	21	0.6332933999455079	cc5
58	22	0.6105610792956497	cc5
58	23	0.7903330890037594	cc5
58	24	0.42898919130555413	cc5
58	25	0.9019311780866843	cc5
58	26	0.591709848738418	cc5
58	27	0.052307639068757794	cc5
58	28	1.8278756796573745	cc5
59	1	0.58475193863827	cc5
59	2	0.7220112424683833	cc5
59	3	0.6599592628296804	cc5
59	4	0.6809765493274398	cc5
59	5	0.6508563217441221	cc5
59	6	0.7299733987052264	cc5
59	7	0.7121601050264346	cc5
59	8	0.7100134625505703	cc5
59	9	0.6191569837052029	cc5
59	10	0.904405532080439	cc5
59	11	0.7440252346418958	cc5
59	12	0.7518026090508201	cc5
59	13	0.7711335360687883	cc5
59	14	0.7449801081331913	cc5
59	15	0.7013078063172387	cc5
59	16	0.6318232758926854	cc5
59	17	0.6347579885767374	cc5
59	18	0.6804085869391017	cc5
59	19	0.6538370677508993	cc5
59	20	0.7048453173340334	cc5
59	21	0.682034943170386	cc5
59	22	0.7579130426938221	cc5
59	23	0.7384800949782431	cc5
59	24	0.36659588300921087	cc5
59	25	0.15271406751364225	cc5
59	26	1.1498768655451386	cc5
59	27	1.8582600200211346	cc5
59	28	1.2421613939430856	cc5
60	1	0.6372389249376695	cc5
60	2	0.7512112499114778	cc5
60	3	0.7189383266904201	cc5
60	4	0.7500347808438548	cc5
60	5	0.763169765813231	cc5
60	6	0.7911563463210811	cc5
60	7	0.7148456723260566	cc5
60	8	0.7410827168139775	cc5
60	9	0.7364434170367389	cc5
60	10	1.01348570561359	cc5
60	11	0.5375777249110243	cc5
60	12	0.7097908480451309	cc5
60	13	0.7552580089059404	cc5
60	14	0.7460346683254002	cc5
60	15	0.6910524247819652	cc5
60	16	0.6937595802029151	cc5
60	17	0.6924668843973905	cc5
60	18	0.6724305216512505	cc5
60	19	0.7578405366738394	cc5
60	20	0.7550445210914276	cc5
60	21	0.8456764233506746	cc5
60	22	0.8157530521467393	cc5
60	23	0.8279086423507138	cc5
60	24	0.7508323362111824	cc5
60	25	0.11386395119592407	cc5
60	26	0.14646086499858058	cc5
60	27	-0.26673997997886545	cc5
60	28	-1.8842455324638365	cc5
75	1	0.663339474016496	cc5
75	2	0.6968479343578267	cc5
75	3	0.6011477924377999	cc5
75	4	0.703657647313257	cc5
75	5	0.6326591901211174	cc5
75	6	0.6227515432384934	cc5
75	7	0.6828955574330919	cc5
75	8	0.7413321201355529	cc5
75	9	0.6970360262072646	cc5
75	10	0.9118163943702129	cc5
75	11	0.720277209041555	cc5
75	12	0.618970497989153	cc5
75	13	0.7410464900655356	cc5
75	14	0.7382212804317376	cc5
75	15	0.6751510054571526	cc5
75	16	0.6295035438969947	cc5
75	17	0.5788490382041616	cc5
75	18	0.6026889157041211	cc5
75	19	0.5942591985527983	cc5
75	20	0.7113437439450294	cc5
75	21	0.7085591735597703	cc5
75	22	0.5730520497603422	cc5
75	23	0.8657069359455392	cc5
75	24	0.8174462496810762	cc5
75	25	0.565729087494347	cc5
75	26	-0.2702912016817507	cc5
75	27	0.1104752098945525	cc5
75	28	1.0551484069301011	cc5
76	1	0.24206847685912436	cc5
76	2	0.2616653924435681	cc5
76	3	0.37958817468010153	cc5
76	4	0.39978584382506455	cc5
76	5	0.3739879491865352	cc5
76	6	0.4797021185269017	cc5
76	7	0.4924176208018878	cc5
76	8	0.368241938851952	cc5
76	9	0.5342754970532582	cc5
76	10	0.6542702407675023	cc5
76	11	0.4856973456038247	cc5
76	12	0.41308712357341193	cc5
76	13	0.570622857245155	cc5
76	14	0.5384658730652774	cc5
76	15	0.5781310424908597	cc5
76	16	0.4041303733168107	cc5
76	17	0.4566072653990574	cc5
76	18	0.4904071320963439	cc5
76	19	0.5249089886767351	cc5
76	20	0.5758676632842565	cc5
76	21	0.6861282990655297	cc5
76	22	0.5389188371757783	cc5
76	23	0.6392246737888598	cc5
76	24	0.9605160281997698	cc5
76	25	0.5910085590390608	cc5
76	26	0.4242674728518949	cc5
76	27	-0.46917900436911	cc5
76	28	-1.8596243203426255	cc5
77	1	0.4960348706747837	cc5
77	2	0.552969614027198	cc5
77	3	0.4692038387476387	cc5
77	4	0.5738529433120405	cc5
77	5	0.5179401412760569	cc5
77	6	0.5013374142763709	cc5
77	7	0.58483154892496	cc5
77	8	0.6381694850043971	cc5
77	9	0.7036523347731887	cc5
77	10	0.7473620919420938	cc5
77	11	0.5243198051842981	cc5
77	12	0.4787254276520585	cc5
77	13	0.5320128832870452	cc5
77	14	0.5789576469263622	cc5
77	15	0.5165051014661728	cc5
77	16	0.46762825717419076	cc5
77	17	0.45931662111441796	cc5
77	18	0.45902859240865723	cc5
77	19	0.4488030449084093	cc5
77	20	0.4726529721478059	cc5
77	21	0.49081035234854653	cc5
77	22	0.490656023765915	cc5
77	23	0.5484010997268314	cc5
77	24	0.45656324500722434	cc5
77	25	0.5888998192016643	cc5
77	26	1.0746361732417284	cc5
77	27	0.45957580949482235	cc5
77	28	1.3945423463240445	cc5
78	1	0.29997046752139767	cc5
78	2	0.2924453498690269	cc5
78	3	0.29102607442143835	cc5
78	4	0.32692949662280313	cc5
78	5	0.23748710452797894	cc5
78	6	0.22757873421879538	cc5
78	7	0.2792372541512691	cc5
78	8	0.3078500078926254	cc5
78	9	0.28026663920476125	cc5
78	10	0.4715294075593519	cc5
78	11	0.22097996805825915	cc5
78	12	0.2059123142124193	cc5
78	13	0.22141534980482191	cc5
78	14	0.2562314961627763	cc5
78	15	0.19386840807439398	cc5
78	16	0.18680881885658351	cc5
78	17	0.20629248938392664	cc5
78	18	0.19361056694436485	cc5
78	19	0.2457443489797413	cc5
78	20	0.252392127108493	cc5
78	21	0.18297184224945795	cc5
78	22	0.23233684152580736	cc5
78	23	0.3755756792928935	cc5
78	24	0.32684187466306014	cc5
78	25	-0.025476229320723576	cc5
78	26	-0.45516515126158197	cc5
78	27	-0.377084807565069	cc5
78	28	-0.4368302026955675	cc5
79	1	0.5360753726106324	cc5
79	2	0.6189227943828257	cc5
79	3	0.4984823809942114	cc5
79	4	0.544488527356485	cc5
79	5	0.48567971440441227	cc5
79	6	0.48679501035621797	cc5
79	7	0.5049977217506907	cc5
79	8	0.5823065508644802	cc5
79	9	0.5787280019806715	cc5
79	10	0.7308747058601952	cc5
79	11	0.4983119799639226	cc5
79	12	0.4567899294227544	cc5
79	13	0.46919808317903033	cc5
79	14	0.48609854242686623	cc5
79	15	0.45927238527661274	cc5
79	16	0.3434554840546795	cc5
79	17	0.33605158605310237	cc5
79	18	0.40095994376240895	cc5
79	19	0.380521916900868	cc5
79	20	0.5074343340075558	cc5
79	21	0.5856239046170018	cc5
79	22	0.6274993017790536	cc5
79	23	0.7076781180224145	cc5
79	24	0.2631476071471397	cc5
79	25	0.1014252257057322	cc5
79	26	-0.10822637575137861	cc5
79	27	0.7059872927484108	cc5
79	28	1.2348524238434209	cc5
80	1	0.47227915536377196	cc5
80	2	0.4790435206487942	cc5
80	3	0.4207314866834011	cc5
80	4	0.5498948373153425	cc5
80	5	0.46118685414657534	cc5
80	6	0.4919845903435984	cc5
80	7	0.452140422373958	cc5
80	8	0.5393103213426471	cc5
80	9	0.5590679323921321	cc5
80	10	0.6463780432380375	cc5
80	11	0.4228288387506822	cc5
80	12	0.39201274533485986	cc5
80	13	0.42321167531288495	cc5
80	14	0.4762186045976833	cc5
80	15	0.38681986748090225	cc5
80	16	0.3623845215314603	cc5
80	17	0.3463204391032306	cc5
80	18	0.3906482216826248	cc5
80	19	0.4013950148325591	cc5
80	20	0.4165637810888114	cc5
80	21	0.4303646046207916	cc5
80	22	0.4465919531720388	cc5
80	23	0.44135600373650163	cc5
80	24	0.5267459335069731	cc5
80	25	0.40637732017988526	cc5
80	26	-0.11458544111665248	cc5
80	27	-0.22723380713935626	cc5
80	28	0.43313883755211435	cc5
81	1	0.37834521562459855	cc5
81	2	0.4188441247803496	cc5
81	3	0.34344401153325776	cc5
81	4	0.42649730153053866	cc5
81	5	0.3756074655487467	cc5
81	6	0.43555928135130983	cc5
81	7	0.4336722527580008	cc5
81	8	0.41672563045457167	cc5
81	9	0.46617054698280924	cc5
81	10	0.5941412391155083	cc5
81	11	0.31712235296575386	cc5
81	12	0.3109486484245849	cc5
81	13	0.3487696666471294	cc5
81	14	0.3637528388572093	cc5
81	15	0.33825357534926326	cc5
81	16	0.25453494533681464	cc5
81	17	0.2320705888568284	cc5
81	18	0.24495464626870955	cc5
81	19	0.2118785716157845	cc5
81	20	0.2523093636958649	cc5
81	21	0.2053953453337911	cc5
81	22	0.14581130795058073	cc5
81	23	0.07553718203532611	cc5
81	24	0.20575246365928024	cc5
81	25	0.30833810449360755	cc5
81	26	0.2361100165236536	cc5
81	27	0.5753652831790319	cc5
81	28	1.2253115770932723	cc5
82	1	0.30978485857148286	cc5
82	2	0.3405937714137721	cc5
82	3	0.28398556524761887	cc5
82	4	0.2331276708803287	cc5
82	5	0.30364197276448834	cc5
82	6	0.2603108684346509	cc5
82	7	0.2865615489930988	cc5
82	8	0.3267750671513383	cc5
82	9	0.351577220473267	cc5
82	10	0.43702566339295146	cc5
82	11	0.23094527403006282	cc5
82	12	0.19452479914142629	cc5
82	13	0.2374024892288844	cc5
82	14	0.2648188832841569	cc5
82	15	0.23663146344540564	cc5
82	16	0.24755371522560665	cc5
82	17	0.18832705218176216	cc5
82	18	0.2128234003803584	cc5
82	19	0.18124515933703833	cc5
82	20	0.2076585049634332	cc5
82	21	0.31017435388922365	cc5
82	22	0.25984146029438904	cc5
82	23	0.6169282768162532	cc5
82	24	0.7031476071471374	cc5
82	25	0.5886026791744285	cc5
82	26	0.6270266295603335	cc5
82	27	0.7574358441969622	cc5
82	28	0.7088280606097541	cc5
83	1	0.28828878642882216	cc5
83	2	0.2862203683946305	cc5
83	3	0.21104355037272882	cc5
83	4	0.3048230182419118	cc5
83	5	0.21604515010893977	cc5
83	6	0.1939305670432887	cc5
83	7	0.19180827891434404	cc5
83	8	0.2648932083720297	cc5
83	9	0.22127365515560626	cc5
83	10	0.4824061505167805	cc5
83	11	0.18257039868820613	cc5
83	12	0.1365353375946441	cc5
83	13	0.18013051254100532	cc5
83	14	0.2467513246198294	cc5
83	15	0.22305918110773604	cc5
83	16	0.06824942843081772	cc5
83	17	0.10897250634238276	cc5
83	18	0.11751427166079509	cc5
83	19	0.11256951624996958	cc5
83	20	0.07427905496496834	cc5
83	21	0.085612717989207	cc5
83	22	0.11123686887132322	cc5
83	23	-0.004655719109159406	cc5
83	24	0.22887341359875535	cc5
83	25	0.46718463430787693	cc5
83	26	0.601977705881275	cc5
83	27	0.9218963836575043	cc5
83	28	0.7618379438083167	cc5
84	1	0.3543090660124122	cc5
84	2	0.3863672182208262	cc5
84	3	0.35644556233364	cc5
84	4	0.4184751627169092	cc5
84	5	0.4060377766366514	cc5
84	6	0.44721099613543913	cc5
84	7	0.39819157667588456	cc5
84	8	0.447249531279418	cc5
84	9	0.49055784252179535	cc5
84	10	0.626166125686936	cc5
84	11	0.4062909660569076	cc5
84	12	0.35896398699870957	cc5
84	13	0.4464419907672905	cc5
84	14	0.44548069903506615	cc5
84	15	0.3593359775396294	cc5
84	16	0.34827998130604954	cc5
84	17	0.32310846100426005	cc5
84	18	0.3191969467527187	cc5
84	19	0.40361729715083783	cc5
84	20	0.42503431037945916	cc5
84	21	0.43664800648281954	cc5
84	22	0.3523700981005149	cc5
84	23	0.5038434061979018	cc5
84	24	0.7818852797309646	cc5
84	25	1.4280141273954357	cc5
84	26	1.1650880132953816	cc5
84	27	1.083260020021136	cc5
84	28	2.985770416499477	cc5
85	1	0.3725208471446422	cc5
85	2	0.36969724963621786	cc5
85	3	0.3416830923214391	cc5
85	4	0.35660736485199607	cc5
85	5	0.30376229457050385	cc5
85	6	0.3964944022497008	cc5
85	7	0.3152958112885287	cc5
85	8	0.3756494773388397	cc5
85	9	0.43719849340473615	cc5
85	10	0.6024568898062483	cc5
85	11	0.392433277055396	cc5
85	12	0.3076212162844527	cc5
85	13	0.39132369053915284	cc5
85	14	0.31595734615104476	cc5
85	15	0.2987100559854312	cc5
85	16	0.23161490732921663	cc5
85	17	0.2661795554596438	cc5
85	18	0.27492428682973014	cc5
85	19	0.24708264258740087	cc5
85	20	0.3131729632925584	cc5
85	21	0.22959306089573062	cc5
85	22	0.3672669109282083	cc5
85	23	0.45402707052521407	cc5
85	24	0.46435485060790427	cc5
85	25	0.566487162642666	cc5
85	26	1.188191492095065	cc5
85	27	1.0006757503582193	cc5
85	28	0.11358996537165922	cc5
86	1	0.4134579294620977	cc5
86	2	0.4256682538338765	cc5
86	3	0.3691014087017166	cc5
86	4	0.40991047852210727	cc5
86	5	0.4256424950542055	cc5
86	6	0.3706747265254364	cc5
86	7	0.41198125009338327	cc5
86	8	0.357690733529914	cc5
86	9	0.4316653630372471	cc5
86	10	0.5617956908794	cc5
86	11	0.371167487420216	cc5
86	12	0.35628879110544176	cc5
86	13	0.3147414927513097	cc5
86	14	0.37765411929241566	cc5
86	15	0.2938677245426575	cc5
86	16	0.19464812504159568	cc5
86	17	0.25795485003004615	cc5
86	18	0.22467556365941732	cc5
86	19	0.20310260113942746	cc5
86	20	0.2593007461622605	cc5
86	21	0.3673596942355246	cc5
86	22	0.29553731182167553	cc5
86	23	0.13896217512133546	cc5
86	24	0.8736508894228479	cc5
86	25	-0.0942592981037933	cc5
86	26	0.37560407950764585	cc5
86	27	0.6573979510556214	cc5
86	28	0.986966588748281	cc5
87	1	0.41472539842212797	cc5
87	2	0.3965680020636242	cc5
87	3	0.31797485964760597	cc5
87	4	0.3544631278262216	cc5
87	5	0.3854138193952963	cc5
87	6	0.3325211127603538	cc5
87	7	0.3761906284524912	cc5
87	8	0.43717939883983803	cc5
87	9	0.3410799723824596	cc5
87	10	0.5427718796639809	cc5
87	11	0.31203880753626834	cc5
87	12	0.261709405422792	cc5
87	13	0.32025104351181	cc5
87	14	0.30780299327633287	cc5
87	15	0.2953522909192614	cc5
87	16	0.2691703269810546	cc5
87	17	0.2819876543909743	cc5
87	18	0.28425568372897203	cc5
87	19	0.18546819097981881	cc5
87	20	0.29444598156363355	cc5
87	21	0.269696792552061	cc5
87	22	0.254218166545634	cc5
87	23	0.40584224814825376	cc5
87	24	0.38435972835926435	cc5
87	25	-0.2551344589789579	cc5
87	26	-0.23997527784386108	cc5
87	27	0.017470546336923576	cc5
87	28	-0.41286506108336596	cc5
88	1	0.1619212649248638	cc5
88	2	0.16244205053097716	cc5
88	3	0.16529501229786092	cc5
88	4	0.18333100771148025	cc5
88	5	0.14957333973584497	cc5
88	6	0.09913071410937135	cc5
88	7	0.17235578476267932	cc5
88	8	0.19761804054687104	cc5
88	9	0.1837967315377398	cc5
88	10	0.3465991406845461	cc5
88	11	0.08367462322577524	cc5
88	12	0.09508697806941058	cc5
88	13	0.11051651378101468	cc5
88	14	0.17484286228041412	cc5
88	15	0.16047560418399343	cc5
88	16	0.05403857980117266	cc5
88	17	-0.02123715379318014	cc5
88	18	0.10422460053933946	cc5
88	19	0.032583604217741424	cc5
88	20	0.06357503769489625	cc5
88	21	0.034587715604466496	cc5
88	22	0.046103065242050434	cc5
88	23	0.3994994947632051	cc5
88	24	0.8786854557527164	cc5
88	25	0.7999205960760989	cc5
88	26	1.066847427354773	cc5
88	27	0.7332600200211346	cc5
88	28	-0.3900730382913409	cc5
89	1	0.3057580027966651	cc5
89	2	0.319917241518219	cc5
89	3	0.21904987259368625	cc5
89	4	0.33733502525421244	cc5
89	5	0.2493368168484409	cc5
89	6	0.29117990499505453	cc5
89	7	0.3484068639593758	cc5
89	8	0.3136205709236819	cc5
89	9	0.373789876521478	cc5
89	10	0.5849333145699731	cc5
89	11	0.2765532673236706	cc5
89	12	0.3123005126395526	cc5
89	13	0.24640929379950194	cc5
89	14	0.3298663491291407	cc5
89	15	0.2871740920789776	cc5
89	16	0.2194865606840679	cc5
89	17	0.20341492252485693	cc5
89	18	0.2899487975760735	cc5
89	19	0.28688854689654875	cc5
89	20	0.35301168714087794	cc5
89	21	0.4090788814424542	cc5
89	22	0.39575691049911654	cc5
89	23	0.3086143327738995	cc5
89	24	0.32717773897388014	cc5
89	25	-0.14231521771935007	cc5
89	26	-1.045526597044713	cc5
89	27	-1.38046547017494	cc5
89	28	-1.1297514389866947	cc5
90	1	0.2917871186177905	cc5
90	2	0.2335377188713963	cc5
90	3	0.17577275103743517	cc5
90	4	0.23487692235421065	cc5
90	5	0.16735874379621407	cc5
90	6	0.23852341721775616	cc5
90	7	0.21723112578484916	cc5
90	8	0.26187601429088403	cc5
90	9	0.3201334015954842	cc5
90	10	0.46116790968056165	cc5
90	11	0.21828679557120978	cc5
90	12	0.1983808454179865	cc5
90	13	0.21286214583586371	cc5
90	14	0.2484640064096908	cc5
90	15	0.19422446191419596	cc5
90	16	0.13235947264352887	cc5
90	17	0.15484316512838348	cc5
90	18	0.12532463411894668	cc5
90	19	0.057006501832006506	cc5
90	20	0.08763612477152805	cc5
90	21	0.19502697895938326	cc5
90	22	0.20940858764731018	cc5
90	23	0.28293782642114707	cc5
90	24	0.06812686025917003	cc5
90	25	0.5157290874943499	cc5
90	26	-0.008498484594916533	cc5
90	27	-0.07797593503504174	cc5
90	28	0.21249106427276132	cc5
91	1	0.21080342026409227	cc5
91	2	0.17709775556959784	cc5
91	3	0.17679544225167376	cc5
91	4	0.23093066136014073	cc5
91	5	0.1525646066916977	cc5
91	6	0.11993314777356545	cc5
91	7	0.11630837528051075	cc5
91	8	0.12161620504899417	cc5
91	9	0.10286602780210075	cc5
91	10	0.34200542039430815	cc5
91	11	0.09312038023741565	cc5
91	12	0.0283016696650904	cc5
91	13	0.07786438395789474	cc5
91	14	0.12087937810672855	cc5
91	15	0.03812643143718475	cc5
91	16	0.06409359871320675	cc5
91	17	0.07289735493105098	cc5
91	18	0.03487424452778498	cc5
91	19	0.09534251201073829	cc5
91	20	0.06492155971778857	cc5
91	21	0.1413224825258581	cc5
91	22	0.0814115744457169	cc5
91	23	0.0975848954511207	cc5
91	24	0.1790354576144324	cc5
91	25	0.013648085032947677	cc5
91	26	-0.6061085474879988	cc5
91	27	-0.8857875990264787	cc5
91	28	-2.5657413416192227	cc5
92	1	0.23561375698777454	cc5
92	2	0.26710218712144496	cc5
92	3	0.18868954853861908	cc5
92	4	0.23521330772402393	cc5
92	5	0.21144914779945623	cc5
92	6	0.20821625297435276	cc5
92	7	0.2072987112761524	cc5
92	8	0.2281777771024096	cc5
92	9	0.26743534079582076	cc5
92	10	0.36438505062591275	cc5
92	11	0.298076425803103	cc5
92	12	0.22154189488205844	cc5
92	13	0.26793868312024216	cc5
92	14	0.26715494722100175	cc5
92	15	0.25977830457974704	cc5
92	16	0.22527843311357287	cc5
92	17	0.2642501692457131	cc5
92	18	0.24369477868757627	cc5
92	19	0.20499259146731674	cc5
92	20	0.18519406315360243	cc5
92	21	0.19115943689831028	cc5
92	22	0.05982514454251486	cc5
92	23	-0.0314925907669803	cc5
92	24	-0.20528416474695632	cc5
92	25	-0.507469743572301	cc5
92	26	0.3385848487384209	cc5
92	27	0.8611879479490625	cc5
92	28	-0.08388902622498051	cc5
93	1	0.2733871268602286	cc5
93	2	0.254560761391339	cc5
93	3	0.14401178185569563	cc5
93	4	0.21517399779448	cc5
93	5	0.15122409393757152	cc5
93	6	0.1590092404282757	cc5
93	7	0.24815483165189534	cc5
93	8	0.25028392088024987	cc5
93	9	0.30825151490499536	cc5
93	10	0.44995155546314436	cc5
93	11	0.16940781924962067	cc5
93	12	0.20157056368684323	cc5
93	13	0.20009965059599466	cc5
93	14	0.16079293661307759	cc5
93	15	0.21741317644103475	cc5
93	16	0.1309282548501045	cc5
93	17	0.14814815757375044	cc5
93	18	0.18733057580673318	cc5
93	19	0.08602913243226595	cc5
93	20	0.14008962465916852	cc5
93	21	0.10371457382842664	cc5
93	22	0.2402240815617276	cc5
93	23	0.08205572910505765	cc5
93	24	0.2651801274723411	cc5
93	25	0.017008971580317223	cc5
93	26	-0.3440540401504677	cc5
93	27	0.341027010312402	cc5
93	28	1.2326375844192796	cc5
94	1	0.027348791286570417	cc5
94	2	-0.06441245123667727	cc5
94	3	-0.037689331376093094	cc5
94	4	-0.007425944278850238	cc5
94	5	-0.05816299732664021	cc5
94	6	-0.08337414501430374	cc5
94	7	-0.060389352287565146	cc5
94	8	-0.03487534033190087	cc5
94	9	-0.05005873440248365	cc5
94	10	0.1509463346362807	cc5
94	11	-0.09081995139047194	cc5
94	12	-0.10746042708202452	cc5
94	13	-0.09763304009786822	cc5
94	14	-0.040068908277127946	cc5
94	15	-0.053534741540744335	cc5
94	16	-0.0659373924061768	cc5
94	17	-0.05508496757013859	cc5
94	18	-0.04092755144832694	cc5
94	19	-0.010845321542163333	cc5
94	20	-0.08083120425798285	cc5
94	21	-0.04410149282087161	cc5
94	22	-0.07883523536371229	cc5
94	23	-0.32160207615600456	cc5
94	24	-0.6830062390067084	cc5
94	25	-0.6820636506140261	cc5
94	26	-0.1353977094011185	cc5
94	27	-0.909877234880824	cc5
94	28	0.5115491490451305	cc5
95	1	-0.024362185153748328	cc5
95	2	0.02712662423178358	cc5
95	3	0.2092977046648059	cc5
95	4	0.1257558378116741	cc5
95	5	0.14370273621231178	cc5
95	6	0.23082304345012972	cc5
95	7	0.29485816774064944	cc5
95	8	0.1818039260937283	cc5
95	9	0.31735279050012366	cc5
95	10	0.5110051919126946	cc5
95	11	0.3122340922561406	cc5
95	12	0.30339447029145106	cc5
95	13	0.3155712836324369	cc5
95	14	0.3194277686296445	cc5
95	15	0.42262045692223893	cc5
95	16	0.25809592090919864	cc5
95	17	0.3406297164797252	cc5
95	18	0.38658833333305864	cc5
95	19	0.3985305515626649	cc5
95	20	0.3549586465064891	cc5
95	21	0.49898775887956504	cc5
95	22	0.35347318387761817	cc5
95	23	0.2718793014543692	cc5
95	24	0.5275796369422991	cc5
95	25	-0.06395626780076213	cc5
95	26	0.07146206767333041	cc5
95	27	0.32373621049733003	cc5
95	28	0.16787567965737793	cc5
96	1	0.015598510137827759	cc5
96	2	0.007759337418846712	cc5
96	3	-0.06909335022898944	cc5
96	4	-0.01815472150791919	cc5
96	5	-0.04073700326978269	cc5
96	6	-0.11433086356294808	cc5
96	7	-0.1350899341233145	cc5
96	8	-0.07860951080859024	cc5
96	9	-0.07343800300743197	cc5
96	10	0.10318819773181787	cc5
96	11	-0.14121747109950178	cc5
96	12	-0.1274242393177829	cc5
96	13	-0.14842840388163125	cc5
96	14	-0.19656927328394147	cc5
96	15	-0.07657392224640347	cc5
96	16	-0.21974105728068594	cc5
96	17	-0.17721825210868758	cc5
96	18	-0.13509299037148992	cc5
96	19	-0.16627462647962687	cc5
96	20	-0.05136373320591048	cc5
96	21	-0.1096159980690885	cc5
96	22	-0.17911334065343	cc5
96	23	0.18873097261187155	cc5
96	24	0.023381525275794957	cc5
96	25	-0.17846121921558478	cc5
96	26	0.37513787904144635	cc5
96	27	-7.022441298047966E-4	cc5
96	28	-0.3993970476153521	cc5
97	1	0.1351566069132204	cc5
97	2	0.031572154633060734	cc5
97	3	0.002176771840346703	cc5
97	4	-0.022869600954578573	cc5
97	5	0.018854142774813454	cc5
97	6	0.015992275359863584	cc5
97	7	0.04126858452314508	cc5
97	8	0.04198337184548251	cc5
97	9	-0.02096650357807306	cc5
97	10	0.24609219888824185	cc5
97	11	-0.043474718133317936	cc5
97	12	-0.004829942432571954	cc5
97	13	-0.056070020424272116	cc5
97	14	-0.05995152784520741	cc5
97	15	0.01081682468258549	cc5
97	16	-0.07310038355254989	cc5
97	17	-0.03582338093626447	cc5
97	18	-0.013470153703750043	cc5
97	19	-0.03438025357058905	cc5
97	20	-0.0709941253916071	cc5
97	21	-0.03995920951242482	cc5
97	22	-0.0529014520725255	cc5
97	23	-0.08082440380047728	cc5
97	24	-0.5253496099215056	cc5
97	25	-1.2686479724924666	cc5
97	26	-0.4181281142245439	cc5
97	27	-0.12989787471570224	cc5
97	28	1.5096938614755544	cc5
98	1	-0.016989462894578367	cc5
98	2	-0.021395584358678832	cc5
98	3	-0.09856578297377894	cc5
98	4	-0.04609084510178718	cc5
98	5	-0.029045072964365204	cc5
98	6	-0.008569582277800691	cc5
98	7	-0.03996030767791581	cc5
98	8	-0.023448167157148703	cc5
98	9	-0.07357999005366622	cc5
98	10	0.11593900690900938	cc5
98	11	-0.14231597599545864	cc5
98	12	-0.13703280533204065	cc5
98	13	-0.12254896032486329	cc5
98	14	-0.1516286320626179	cc5
98	15	-0.12088479272624397	cc5
98	16	-0.1364901509191796	cc5
98	17	-0.12831217803879014	cc5
98	18	-0.11468169251018878	cc5
98	19	-0.185254926870698	cc5
98	20	-0.0844066794693461	cc5
98	21	-0.09808405837165424	cc5
98	22	-0.04692511954505818	cc5
98	23	-0.14322934555472955	cc5
98	24	-0.33725399927856614	cc5
98	25	-0.36755122356963454	cc5
98	26	-0.5809929658311219	cc5
98	27	-1.0469379997808446	cc5
98	28	-0.2554576536759612	cc5
99	1	0.16467172293803856	cc5
99	2	0.12930255120052436	cc5
99	3	0.16751460558965192	cc5
99	4	0.16865415035574927	cc5
99	5	0.11256128132232135	cc5
99	6	0.1439605862400839	cc5
99	7	0.10853548691683557	cc5
99	8	0.15738744901100432	cc5
99	9	0.14965794137890498	cc5
99	10	0.40486123185787193	cc5
99	11	0.05363022277999363	cc5
99	12	0.13725219165705482	cc5
99	13	0.12149264499242918	cc5
99	14	0.0926910396500702	cc5
99	15	0.13190196265480125	cc5
99	16	0.012138603575422735	cc5
99	17	0.07483118688874413	cc5
99	18	0.06840023776614856	cc5
99	19	0.039461780343444275	cc5
99	20	-0.011709422205541387	cc5
99	21	-0.06528907447733445	cc5
99	22	-0.015367513751513684	cc5
99	23	0.020803589858466864	cc5
99	24	0.4130527304867968	cc5
99	25	0.8043713988101615	cc5
99	26	0.7057543889683018	cc5
99	27	-0.3293662426051256	cc5
99	28	0.2626582883530233	cc5
100	1	0.11010751333726176	cc5
100	2	0.0652534890134504	cc5
100	3	0.10530111644849427	cc5
100	4	0.05636615949619994	cc5
100	5	0.10794417795653288	cc5
100	6	0.0639689782240822	cc5
100	7	0.07285542951006363	cc5
100	8	0.10411553592044953	cc5
100	9	0.06415240920202336	cc5
100	10	0.3574664650458672	cc5
100	11	0.10919788751849069	cc5
100	12	0.0883806085814669	cc5
100	13	0.10613536052544958	cc5
100	14	0.09648415522020315	cc5
100	15	0.09075423555674433	cc5
100	16	0.05376835561730786	cc5
100	17	0.0830160576067911	cc5
100	18	0.057653979145847245	cc5
100	19	0.04181075340882501	cc5
100	20	0.04945782513130581	cc5
100	21	0.03852216568412814	cc5
100	22	-0.038807431048923036	cc5
100	23	-0.3025228934823758	cc5
100	24	-0.603997814755914	cc5
100	25	-0.1850331076276035	cc5
100	26	-0.1133929993628513	cc5
100	27	0.24326002002113967	cc5
100	28	0.804066155847849	cc5
101	1	-0.10402851920458289	cc5
101	2	-0.1013883956754924	cc5
101	3	-0.1610093625052258	cc5
101	4	-0.16248098920717524	cc5
101	5	-0.20418629441704894	cc5
101	6	-0.1941168975570804	cc5
101	7	-0.18841256083483415	cc5
101	8	-0.1477002104167937	cc5
101	9	-0.1618525525546275	cc5
101	10	0.05821263471483462	cc5
101	11	-0.23987824753507425	cc5
101	12	-0.24208674027374144	cc5
101	13	-0.21855655236273464	cc5
101	14	-0.22278259818075696	cc5
101	15	-0.19805629941703984	cc5
101	16	-0.25219379577652035	cc5
101	17	-0.22654047043479864	cc5
101	18	-0.3335504110237082	cc5
101	19	-0.2802195118946287	cc5
101	20	-0.2199368531870931	cc5
101	21	-0.32622732564016843	cc5
101	22	-0.352430987116513	cc5
101	23	-0.3362326782746763	cc5
101	24	-0.1814952499957201	cc5
101	25	0.7656729593180032	cc5
101	26	0.1676919915955608	cc5
101	27	0.6157997025608211	cc5
101	28	0.4171613939430898	cc5
102	1	-0.03840442865846683	cc5
102	2	-0.1508297221625554	cc5
102	3	-0.13356554562245293	cc5
102	4	-0.12730131774314657	cc5
102	5	-0.18023222074942424	cc5
102	6	-0.11750313215483743	cc5
102	7	-0.19510759417526913	cc5
102	8	-0.10571287969141707	cc5
102	9	-0.14118095720102275	cc5
102	10	0.12070884816115068	cc5
102	11	-0.1717936299788576	cc5
102	12	-0.19762376659004133	cc5
102	13	-0.23706125751293428	cc5
102	14	-0.2494244223457187	cc5
102	15	-0.194171483426814	cc5
102	16	-0.32028668040739916	cc5
102	17	-0.292810274856393	cc5
102	18	-1.2510131078179612	cc5
102	19	-0.34735643000105654	cc5
102	20	-0.29097650867250735	cc5
102	21	-0.21840861633923936	cc5
102	22	-0.1946340251045413	cc5
102	23	-0.2994074935422617	cc5
102	24	-0.23072279565496245	cc5
102	25	-0.17237814894991743	cc5
102	26	0.3194013227268542	cc5
102	27	0.32373621049733003	cc5
102	28	1.1915120432937414	cc5
103	1	-0.02577789089082927	cc5
103	2	-0.10992621818554227	cc5
103	3	-0.12235277691527813	cc5
103	4	-0.09312140171032013	cc5
103	5	-0.08190732907608833	cc5
103	6	-0.11536939805164081	cc5
103	7	-0.013474102841271929	cc5
103	8	-0.017026800385266938	cc5
103	9	-0.010476777908252188	cc5
103	10	0.1967312870602882	cc5
103	11	-0.043131851282410594	cc5
103	12	-0.09935300352611165	cc5
103	13	-0.06594470274983877	cc5
103	14	-0.05062747500159048	cc5
103	15	-0.037988510934120256	cc5
103	16	-0.0735878225568527	cc5
103	17	-0.0734900119120141	cc5
103	18	-0.2514697123883991	cc5
103	19	-0.1293344299434338	cc5
103	20	-0.1011409159537493	cc5
103	21	-0.1739586834032849	cc5
103	22	-0.1427049767379458	cc5
103	23	-0.15063473136392247	cc5
103	24	-0.16088066140410007	cc5
103	25	0.5017468462894499	cc5
103	26	0.6466312559240492	cc5
103	27	1.5204159833238862	cc5
103	28	1.4350185368002286	cc5
104	1	-0.14824865916121865	cc5
104	2	-0.25021617874655533	cc5
104	3	-0.27966657904303815	cc5
104	4	-0.29707990800779527	cc5
104	5	-0.27829370221866156	cc5
104	6	-0.2817675864615623	cc5
104	7	-0.2789372550029654	cc5
104	8	-0.2579655518084678	cc5
104	9	-0.26165480429104804	cc5
104	10	0.01009980082602624	cc5
104	11	-0.24511080115156147	cc5
104	12	-0.2521861529961953	cc5
104	13	-0.2833351082472859	cc5
104	14	-0.2911426964778272	cc5
104	15	-0.25886845139022796	cc5
104	16	-0.3508422324316314	cc5
104	17	-0.3171431662092985	cc5
104	18	-0.5231415853491725	cc5
104	19	-0.35418618711768346	cc5
104	20	-0.3553222124979385	cc5
104	21	-0.4354584443151168	cc5
104	22	-0.38613956181723097	cc5
104	23	-0.3266742654165782	cc5
104	24	-0.030072731835907973	cc5
104	25	0.005699650993086891	cc5
104	26	-0.17267927555536744	cc5
104	27	0.007640185310393122	cc5
104	28	-1.6721243203426255	cc5
105	1	-0.19426599896453922	cc5
105	2	-0.2829028720057636	cc5
105	3	-0.27230776376688937	cc5
105	4	-0.18718967836658607	cc5
105	5	-0.24590749546021584	cc5
105	6	-0.26873478969338294	cc5
105	7	-0.28110337450750933	cc5
105	8	-0.25189496017664936	cc5
105	9	-0.2612239334167228	cc5
105	10	0.001393468973347467	cc5
105	11	-0.29584143676495245	cc5
105	12	-0.29680007098153993	cc5
105	13	-0.2673211102423565	cc5
105	14	-0.3232123794408679	cc5
105	15	-0.31951001827229675	cc5
105	16	-0.2650477125637849	cc5
105	17	-0.30204034019934056	cc5
105	18	-0.32034337659610657	cc5
105	19	-0.38712113559102335	cc5
105	20	-0.32285225126089045	cc5
105	21	-0.36633033091883505	cc5
105	22	-0.3088383474529337	cc5
105	23	-0.31577347237576703	cc5
105	24	-0.8967102969381173	cc5
105	25	0.06231858728764905	cc5
105	26	0.029864788858176894	cc5
105	27	-0.6492642518235243	cc5
105	28	0.547387874779325	cc5
106	1	-0.11637661534742705	cc5
106	2	-0.15825824994396953	cc5
106	3	-0.17670914812444494	cc5
106	4	-0.16025142904339162	cc5
106	5	-0.16418118043623764	cc5
106	6	-0.14888234872195483	cc5
106	7	-0.20812072525439618	cc5
106	8	-0.16452517341663508	cc5
106	9	-0.16762567807745654	cc5
106	10	0.045527981060033085	cc5
106	11	-0.25416855569475416	cc5
106	12	-0.24713511988691295	cc5
106	13	-0.21669831462020284	cc5
106	14	-0.20561120531526456	cc5
106	15	-0.23575045288387741	cc5
106	16	-0.19441952892155	cc5
106	17	-0.25779041540023684	cc5
106	18	-0.2908931344082504	cc5
106	19	-0.30943104096591867	cc5
106	20	-0.26120443463121745	cc5
106	21	-0.21486823385148313	cc5
106	22	-0.2781676819269947	cc5
106	23	-0.31415338927503456	cc5
106	24	-1.1739153299158005	cc5
106	25	-0.5500713172345897	cc5
106	26	0.025281776112720422	cc5
106	27	0.1013272469118931	cc5
106	28	-0.8067397049580123	cc5
107	1	-0.3528996660392707	cc5
107	2	-0.43823693707099665	cc5
107	3	-0.47575105251161176	cc5
107	4	-0.4324509175344389	cc5
107	5	-0.419474642302589	cc5
107	6	-1.0090771155919143	cc5
107	7	-1.0350923299497836	cc5
107	8	-0.9996035392111153	cc5
107	9	-1.0786444334056782	cc5
107	10	-4.159512677343798	cc5
107	11	-1.2980806155019522	cc5
107	12	-1.2364439270218028	cc5
107	13	-1.2062373007832292	cc5
107	14	-1.2483143333892386	cc5
107	15	-1.264741534266264	cc5
107	16	-0.4567514851153973	cc5
107	17	-0.437517610626152	cc5
107	18	-0.5382100764322857	cc5
107	19	-0.4789190191735315	cc5
107	20	-0.4624965321258401	cc5
107	21	-0.5375846318259363	cc5
107	22	-0.5608010062483615	cc5
107	23	-0.5301309136711723	cc5
107	24	-0.19967767166326666	cc5
107	25	0.2997567153812426	cc5
107	26	-0.13614674635360302	cc5
107	27	0.03147430573542209	cc5
107	28	0.7516044932166963	cc5
108	1	-0.46996250893332103	cc5
108	2	-0.5310009926867139	cc5
108	3	-0.5544961659114591	cc5
108	4	-0.6031643419563082	cc5
108	5	-0.575541386796445	cc5
108	6	-3.5517779366175404	cc5
108	7	-3.38309724023091	cc5
108	8	-3.3064675003589628	cc5
108	9	-3.275108160559938	cc5
108	10	-23.890409494877446	cc5
108	11	-4.815901057427254	cc5
108	12	-4.397334165085958	cc5
108	13	-4.3586491115709975	cc5
108	14	-4.255787535491599	cc5
108	15	-4.5107527628861845	cc5
108	16	-0.5804286149306392	cc5
108	17	-0.5436362612460854	cc5
108	18	-0.5626743617832517	cc5
108	19	-0.593074419724033	cc5
108	20	-0.5500662672430465	cc5
108	21	-0.5908768747038735	cc5
108	22	-0.6210276887059223	cc5
108	23	-0.5190298265188176	cc5
108	24	-0.8329738093789985	cc5
108	25	-0.1291929436931767	cc5
108	26	-0.09840839450482264	cc5
108	27	0.47636346829700216	cc5
108	28	0.34915227540205507	cc5
109	1	-0.24961887119265924	cc5
109	2	-0.3015976347776572	cc5
109	3	-0.3027761223421592	cc5
109	4	-0.2603340633241018	cc5
109	5	-0.2387388430482389	cc5
109	6	-0.20541305727719816	cc5
109	7	-0.20958345475393259	cc5
109	8	-0.1933626432795208	cc5
109	9	-0.19716847679203653	cc5
109	10	0.054209861551726135	cc5
109	11	-0.18339956570140004	cc5
109	12	-0.20428950216837194	cc5
109	13	-0.22708044198743238	cc5
109	14	-0.19177930540098487	cc5
109	15	-0.15429194498803156	cc5
109	16	-0.2473650204735307	cc5
109	17	-0.17905163154313897	cc5
109	18	-0.254320963483309	cc5
109	19	-0.32057238645390385	cc5
109	20	-0.2885152700280855	cc5
109	21	-0.37273239107255307	cc5
109	22	-0.45800939036302424	cc5
109	23	-0.4710786340904676	cc5
109	24	-0.32276304577382575	cc5
109	25	-0.3097981452215919	cc5
109	26	-0.6176016994849292	cc5
109	27	-0.8093870388023916	cc5
109	28	0.3993042510859439	cc5
110	1	-0.20098535852724098	cc5
110	2	-0.2031743899034879	cc5
110	3	-0.19491195659369964	cc5
110	4	-0.17528674940527367	cc5
110	5	-0.22601176980803217	cc5
110	6	-0.17589627667032204	cc5
110	7	-0.16574204267370618	cc5
110	8	-0.18435507004539176	cc5
110	9	-0.17965215802127688	cc5
110	10	0.03699267182017252	cc5
110	11	-0.2927082184115122	cc5
110	12	-0.26225607981267984	cc5
110	13	-0.23334486631694773	cc5
110	14	-0.25318492048347707	cc5
110	15	-0.22469616470912968	cc5
110	16	-0.25656636502426977	cc5
110	17	-0.3009837065969947	cc5
110	18	-0.2528058536422293	cc5
110	19	-0.24492258623566698	cc5
110	20	-0.2501532297095608	cc5
110	21	-0.269778325639102	cc5
110	22	-0.171833362166943	cc5
110	23	0.012750480127287744	cc5
110	24	0.2342667407211465	cc5
110	25	-0.4184274590920367	cc5
110	26	-0.8147157130593357	cc5
110	27	-0.6738828371217167	cc5
110	28	-0.6909922448709267	cc5
111	1	-0.45925930726257036	cc5
111	2	-0.5507761107318885	cc5
111	3	-0.6141268314821104	cc5
111	4	-0.5606433457610933	cc5
111	5	-0.54595783815288	cc5
111	6	-0.5762486872211738	cc5
111	7	-0.48065625055782846	cc5
111	8	-0.4890455621929988	cc5
111	9	-0.5264795258014843	cc5
111	10	-0.26284649096722745	cc5
111	11	-0.5371642220002784	cc5
111	12	-0.5110305773586106	cc5
111	13	-0.5203182056497724	cc5
111	14	-0.5594846802787572	cc5
111	15	-0.4908897277751407	cc5
111	16	-0.5524054601162973	cc5
111	17	-0.5425138283416544	cc5
111	18	-0.5976198043269036	cc5
111	19	-0.6152802126052421	cc5
111	20	-0.6798035094563559	cc5
111	21	-0.7636413885793161	cc5
111	22	-0.7045282718601698	cc5
111	23	-0.7785647651668128	cc5
111	24	-0.6622520376130723	cc5
111	25	-0.34395404779854033	cc5
111	26	-0.7540157259742273	cc5
111	27	-1.5539194671583516	cc5
111	28	-1.6276798758981812	cc5
112	1	-0.4629225742618033	cc5
112	2	-0.4694229672928998	cc5
112	3	-0.5374495139963855	cc5
112	4	-0.4599882711486529	cc5
112	5	-0.48718987739230357	cc5
112	6	-0.5060644599830084	cc5
112	7	-0.48225890189257115	cc5
112	8	-0.5464673686483081	cc5
112	9	-0.5398235338279491	cc5
112	10	-0.1606764723812688	cc5
112	11	-0.4747342327077959	cc5
112	12	-0.4388329006636411	cc5
112	13	-0.43287465290180194	cc5
112	14	-0.40421556878805376	cc5
112	15	-0.48727204532652024	cc5
112	16	-0.4614873051998529	cc5
112	17	-0.453638368616609	cc5
112	18	-0.45842380573927954	cc5
112	19	-0.45259734460206147	cc5
112	20	-0.4320878006602129	cc5
112	21	-0.4761500780858796	cc5
112	22	-0.5647742328202412	cc5
112	23	-0.4905189388988447	cc5
112	24	-0.3433564578935133	cc5
112	25	-1.3520589696965715	cc5
112	26	-1.4816201777166071	cc5
112	27	-1.8667399799788598	cc5
112	28	-2.5471243203426255	cc5
113	1	-0.529788615792711	cc5
113	2	-0.573050821096885	cc5
113	3	-0.5405404591192848	cc5
113	4	-0.5706180474707949	cc5
113	5	-0.5297761932381988	cc5
113	6	-0.49412929666065253	cc5
113	7	-0.5069848760577642	cc5
113	8	-0.5219896433413069	cc5
113	9	-0.4759348917774133	cc5
113	10	-0.26106651224213095	cc5
113	11	-0.5051635833395594	cc5
113	12	-0.5684464858003011	cc5
113	13	-0.5173970418457046	cc5
113	14	-0.5417286864834026	cc5
113	15	-0.4844808324898011	cc5
113	16	-0.5040581054921134	cc5
113	17	-0.5495752682704733	cc5
113	18	-0.5475796209715824	cc5
113	19	-0.594900360058034	cc5
113	20	-0.6377918910469944	cc5
113	21	-0.7119894210682389	cc5
113	22	-0.744983001480982	cc5
113	23	-0.7205841820851475	cc5
113	24	-0.9753261607383905	cc5
113	25	-0.6085801555980836	cc5
113	26	-0.21516515126157998	cc5
113	27	0.27172155848267465	cc5
113	28	-1.2658743203426255	cc5
114	1	-0.40116013231228465	cc5
114	2	-0.4550891741664813	cc5
114	3	-0.42488076625663496	cc5
114	4	-0.3910338923094301	cc5
114	5	-0.4074822901893853	cc5
114	6	-0.4204620699205961	cc5
114	7	-0.3882076247762498	cc5
114	8	-0.399996565799988	cc5
114	9	-0.48992389015884896	cc5
114	10	-0.16074157286392676	cc5
114	11	-0.4537265994906434	cc5
114	12	-0.45948413311634795	cc5
114	13	-0.48917037169147193	cc5
114	14	-0.4791201142775279	cc5
114	15	-0.4535294303671904	cc5
114	16	-0.5103728047302809	cc5
114	17	-0.4488157807488591	cc5
114	18	-0.47336064737204	cc5
114	19	-0.4663809461700552	cc5
114	20	-0.5536754020146688	cc5
114	21	-0.4816268318464978	cc5
114	22	-0.4341043567355669	cc5
114	23	-0.44720900775324424	cc5
114	24	-0.15914969015015856	cc5
114	25	-0.10631475319722483	cc5
114	26	-0.3492827983204023	cc5
114	27	-0.3857054972202434	cc5
114	28	0.5778756796573745	cc5
115	1	-0.4857626088918323	cc5
115	2	-0.5859362320278905	cc5
115	3	-0.5606274740229651	cc5
115	4	-0.512505082980212	cc5
115	5	-0.5193325966767617	cc5
115	6	-0.6134897545174809	cc5
115	7	-0.44805399330647333	cc5
115	8	-0.4051544121646842	cc5
115	9	-0.5228236978794385	cc5
115	10	-0.23633126530416604	cc5
115	11	-0.48054961687779496	cc5
115	12	-0.5163129387676975	cc5
115	13	-0.4329718430719467	cc5
115	14	-0.47507082160656466	cc5
115	15	-0.49804309423592485	cc5
115	16	-0.5581050183496146	cc5
115	17	-0.5425570349193336	cc5
115	18	-0.5160979283284988	cc5
115	19	-0.574476417030219	cc5
115	20	-0.47929882487363784	cc5
115	21	-0.41504813333742874	cc5
115	22	-0.4377675453918286	cc5
115	23	-0.43670058020243374	cc5
115	24	-0.5937518817796033	cc5
115	25	-0.36778310762760213	cc5
115	26	-1.152967349063779	cc5
115	27	-1.0331265346007115	cc5
115	28	-1.219294131663382	cc5
116	1	-0.7182127151436077	cc5
116	2	-0.6511348043530134	cc5
116	3	-0.5134159088770147	cc5
116	4	-0.5517153138375903	cc5
116	5	-0.6089843007388467	cc5
116	6	-0.4065749180870455	cc5
116	7	-0.353088350515705	cc5
116	8	-0.509659338869433	cc5
116	9	-0.39035973711665406	cc5
116	10	-0.15359260939007413	cc5
116	11	-0.40687159197132416	cc5
116	12	-0.372865782994829	cc5
116	13	-0.3908256213385073	cc5
116	14	-0.457064274300933	cc5
116	15	-0.2752036294461391	cc5
116	16	-0.4057597006370486	cc5
116	17	-0.36693279737853857	cc5
116	18	-0.281132075433554	cc5
116	19	-0.23232849571319036	cc5
116	20	-0.3260564331503275	cc5
116	21	-0.06468380807457663	cc5
116	22	-0.09257088233916733	cc5
116	23	0.0010687811662464242	cc5
116	24	-0.47853226606997623	cc5
116	25	-0.7434777641161503	cc5
116	26	-0.5577292538256842	cc5
116	27	-0.7919308196735173	cc5
116	28	-0.3705370187553214	cc5
117	1	-0.6332800372328151	cc5
117	2	-0.6760049445273495	cc5
117	3	-0.688269173535808	cc5
117	4	-0.7256998412802176	cc5
117	5	-0.6900082876859344	cc5
117	6	-0.6462726727169041	cc5
117	7	-0.6483533943727195	cc5
117	8	-0.6105954185528333	cc5
117	9	-0.6833918368150051	cc5
117	10	-0.37251380751857255	cc5
117	11	-0.6659091002496496	cc5
117	12	-0.6786618898096322	cc5
117	13	-0.7154613297447412	cc5
117	14	-0.6578210101666926	cc5
117	15	-0.622694005047272	cc5
117	16	-0.672745748861125	cc5
117	17	-0.7159556668445362	cc5
117	18	-0.6868863627064101	cc5
117	19	-0.7272814031905597	cc5
117	20	-0.683714711583832	cc5
117	21	-0.7032965781621812	cc5
117	22	-0.7839782288649673	cc5
117	23	-0.8586614690320999	cc5
117	24	-0.7270644646309989	cc5
117	25	-0.15884383637254018	cc5
117	26	-0.31065648074135055	cc5
117	27	-0.902946876530585	cc5
117	28	-0.7072120396408721	cc5
118	1	-0.7113608396730697	cc5
118	2	-0.8029174065008746	cc5
118	3	-0.6954213198348782	cc5
118	4	-0.7431977028735517	cc5
118	5	-0.7491471849689688	cc5
118	6	-0.7371736876545398	cc5
118	7	-0.7133480282806559	cc5
118	8	-0.6777976259785135	cc5
118	9	-0.7668313395448223	cc5
118	10	-0.46823485056241765	cc5
118	11	-0.7469786254632282	cc5
118	12	-0.8036204773948015	cc5
118	13	-0.7985389580899636	cc5
118	14	-0.7755556571661302	cc5
118	15	-0.7960177505775192	cc5
118	16	-0.8975546664587668	cc5
118	17	-0.883636747000466	cc5
118	18	-0.8520946690392748	cc5
118	19	-0.911142292793194	cc5
118	20	-0.8592592334338605	cc5
118	21	-0.9104696590420644	cc5
118	22	-0.9260710451688468	cc5
118	23	-1.2609377955010999	cc5
118	24	-1.1582462340197992	cc5
118	25	-1.6474805866192028	cc5
118	26	-1.2298904259868593	cc5
118	27	-0.7774837816317586	cc5
118	28	-0.2792671774854796	cc5
119	1	-0.6443760118913175	cc5
119	2	-0.7429547349586301	cc5
119	3	-0.6793986875351052	cc5
119	4	-0.7406055933299243	cc5
119	5	-0.6794348809989756	cc5
119	6	-0.7355046057063745	cc5
119	7	-0.6738627858519308	cc5
119	8	-0.6415622918258563	cc5
119	9	-0.7113868647182287	cc5
119	10	-0.4917923955434489	cc5
119	11	-0.7780567610573073	cc5
119	12	-0.7772065972119009	cc5
119	13	-0.725802123717159	cc5
119	14	-0.7842662598460208	cc5
119	15	-0.7844873108695651	cc5
119	16	-0.8028932536811197	cc5
119	17	-0.7785817631286349	cc5
119	18	-0.779763396796227	cc5
119	19	-0.7505767970771231	cc5
119	20	-0.8878934312661002	cc5
119	21	-0.8345099297203262	cc5
119	22	-0.7957459535073497	cc5
119	23	-0.9247273360552768	cc5
119	24	-1.0194970209520307	cc5
119	25	-1.3864085902530832	cc5
119	26	-0.7269600230564564	cc5
119	27	-0.4026774799788626	cc5
119	28	-1.4074184379896835	cc5
120	1	-0.8695983307389525	cc5
120	2	-0.9821037126573557	cc5
120	3	-0.9090569261325996	cc5
120	4	-0.927672812691192	cc5
120	5	-0.957015515912083	cc5
120	6	-0.9411008849027525	cc5
120	7	-0.9092517640269406	cc5
120	8	-0.8967879420944982	cc5
120	9	-0.9676032162625461	cc5
120	10	-0.6456300118904181	cc5
120	11	-0.9262098163209203	cc5
120	12	-0.9716406143924061	cc5
120	13	-0.8488812574635247	cc5
120	14	-0.9051623145833574	cc5
120	15	-0.9213081970265264	cc5
120	16	-0.9378675902941396	cc5
120	17	-0.9255532186347395	cc5
120	18	-0.979672398037394	cc5
120	19	-0.9602341245803174	cc5
120	20	-0.9784194889518147	cc5
120	21	-1.0603985190056804	cc5
120	22	-1.1194447346639507	cc5
120	23	-1.0048731483750046	cc5
120	24	-1.0706938562674964	cc5
120	25	-1.0309915881929754	cc5
120	26	-0.14747284356927537	cc5
120	27	-1.5381685514074306	cc5
120	28	-0.22597047418877736	cc5
